tileset_id	style_id	draft	style_name
mapbox.country-boundaries-v1	clg417c2r002e01qp5hdn21pl	true	Average Temperature -- v2-copy
mapbox.country-boundaries-v1	clguxgc01001c01pfe4hm2i78	false	Average Temperature -- v2-copy-copy
mapbox.country-boundaries-v1	clguxgc01001c01pfe4hm2i78	true	Average Temperature -- v2-copy-copy
mapbox.country-boundaries-v1	clguz0sqm009c01pb2t6oh2rr	false	Average Temperature -- v2-copy-copy
mapbox.country-boundaries-v1	clguz0sqm009c01pb2t6oh2rr	true	Average Temperature -- v2-copy-copy
mapbox.country-boundaries-v1	clh6ey7in001g01qvhduy01gz	false	Average Temperature -- v2-copy-copy atmosphere playground 2-copy
mapbox.country-boundaries-v1	clh6ey7in001g01qvhduy01gz	true	Average Temperature -- v2-copy-copy atmosphere playground 2-copy
mapbox.country-boundaries-v1	clh6f2g6w009g01qjaumx61cn	false	Globe option: Brand black space, globe illos gray low atmos -- Average Temperature -- v2-copy
mapbox.country-boundaries-v1	clh6f2g6w009g01qjaumx61cn	true	Globe option: Brand black space, globe illos gray low atmos -- Average Temperature -- v2-copy
mapbox.country-boundaries-v1	clh6f6fzf009j01qjg5zw8pcm	false	Globe option: Zero-bin gray space, globe illos gray low atmos -- Average Temperature -- v2-copy-copy
mapbox.country-boundaries-v1	clh6f6fzf009j01qjg5zw8pcm	true	Globe option: Zero-bin gray space, globe illos gray low atmos -- Average Temperature -- v2-copy-copy
mapbox.country-boundaries-v1	clh6f81j001gt01paa1e54jea	false	Globe option: Brand black space and atmos -- Average Temperature -- v2-copy
mapbox.country-boundaries-v1	clh6f81j001gt01paa1e54jea	true	Globe option: Brand black space and atmos -- Average Temperature -- v2-copy
mapbox.country-boundaries-v1	clh6fhdag01ff01p85ckp2lyo	false	Globe option: Globe-illos gray space and both atmos -- Average Temperature -- v2-copy
mapbox.country-boundaries-v1	clh6fhdag01ff01p85ckp2lyo	true	Globe option: Globe-illos gray space and both atmos -- Average Temperature -- v2-copy
mapbox.mapbox-bathymetry-v2	clw4nd50401cv01qu3geqabjr	false	Streets
mapbox.mapbox-bathymetry-v2	clw4nd50401cv01qu3geqabjr	true	Streets
mapbox.mapbox-streets-v8	cki5ur8g0503s19qqxfuvcjtk	false	GCM: Number of Days above 32°C (90°F) -- For About Maps comparison map (Behind the maps page)
mapbox.mapbox-streets-v8	cki5ur8g0503s19qqxfuvcjtk	true	GCM: Number of Days above 32°C (90°F) -- For About Maps comparison map (Behind the maps page)
mapbox.mapbox-streets-v8	ckna63myn0p3817mr9sqoigt2	false	REMO: Days above 32C - 3°C (for comparison map)
mapbox.mapbox-streets-v8	ckna63myn0p3817mr9sqoigt2	true	REMO: Days above 32C - 3°C (for comparison map)
mapbox.mapbox-streets-v8	ckp719noh0kq017kjgnx384vc	false	REMO: Days above 32C - Baseline (for comparison map)
mapbox.mapbox-streets-v8	ckp719noh0kq017kjgnx384vc	true	REMO: Days above 32C - Baseline (for comparison map)
mapbox.mapbox-streets-v8	ckr2dva3m63h517pfsfc7l9ra	false	REMO: Days above 26C wetbulb - Baseline (for comparison map -- A Tour of Temperature page -- Singapore center)
mapbox.mapbox-streets-v8	ckr2dva3m63h517pfsfc7l9ra	true	REMO: Days above 26C wetbulb - Baseline (for comparison map -- A Tour of Temperature page -- Singapore center)
mapbox.mapbox-streets-v8	ckr2e6thh0gng17lrvxnixthw	false	REMO: Days above 26C wetbulb - 3°C (for comparison map -- A Tour of Temperature page -- Singapore center)
mapbox.mapbox-streets-v8	ckr2e6thh0gng17lrvxnixthw	true	REMO: Days above 26C wetbulb - 3°C (for comparison map -- A Tour of Temperature page -- Singapore center)
mapbox.mapbox-streets-v8	ckry0kho855fn18rzkw6si26u	false	REMO: Days above 32C -- For About Maps comparison map (Behind the maps page)
mapbox.mapbox-streets-v8	ckry0kho855fn18rzkw6si26u	true	REMO: Days above 32C -- For About Maps comparison map (Behind the maps page)
mapbox.mapbox-streets-v8	cksssq4fb3gwp17p6nslyb46w	false	Days above 38°C (100°F) -- global RCM RegCM-REMO ensemble
mapbox.mapbox-streets-v8	cksssq4fb3gwp17p6nslyb46w	true	Days above 38°C (100°F) -- global RCM RegCM-REMO ensemble
mapbox.mapbox-streets-v8	cl0l5mcrm001u14mysbn650hp	false	Change in precipitation "1-in-100 year" storm (for comparison map -- Tour of precipitation page) -- global RCM RegCM-REMO ensemble
mapbox.mapbox-streets-v8	cl0l5mcrm001u14mysbn650hp	true	Change in precipitation "1-in-100 year" storm (for comparison map -- Tour of precipitation page) -- global RCM RegCM-REMO ensemble
mapbox.mapbox-streets-v8	cl0l5nckn003r14pfulx4jgl0	false	Change in precipitation "1-in-100 year" storm (for comparison map -- Tour of precipitation page) -- global RCM RegCM-REMO ensemble
mapbox.mapbox-streets-v8	cl0l5nckn003r14pfulx4jgl0	true	Change in precipitation "1-in-100 year" storm (for comparison map -- Tour of precipitation page) -- global RCM RegCM-REMO ensemble
mapbox.mapbox-streets-v8	cl56ktc2f000l14l930kj9hcl	false	Change in total annual precipitation -- global RCM RegCM-REMO ensemble -- v1
mapbox.mapbox-streets-v8	cl56ktc2f000l14l930kj9hcl	true	Change in total annual precipitation -- global RCM RegCM-REMO ensemble -- v1
mapbox.mapbox-streets-v8	cl589lwuf000814unun1bxaxj	false	Change in dry hot days -- global RCM RegCM-REMO ensemble -- v1
mapbox.mapbox-streets-v8	cl589lwuf000814unun1bxaxj	true	Change in dry hot days -- global RCM RegCM-REMO ensemble -- v1
mapbox.mapbox-streets-v8	cl59gpzny00e814llii4s2wlu	false	Average Temperature -- global RCM RegCM-REMO ensemble -- v1
mapbox.mapbox-streets-v8	cl59gpzny00e814llii4s2wlu	true	Average Temperature -- global RCM RegCM-REMO ensemble -- v1
mapbox.mapbox-streets-v8	cl59hjp67000u14o5o2wokukw	false	Average daytime temperature -- global RCM RegCM-REMO ensemble -- v1
mapbox.mapbox-streets-v8	cl59hjp67000u14o5o2wokukw	true	Average daytime temperature -- global RCM RegCM-REMO ensemble -- v1
mapbox.mapbox-streets-v8	cl59lfhsw004n14n7uivj4q6k	false	10 hottest days -- global RCM RegCM-REMO ensemble -- v1
mapbox.mapbox-streets-v8	cl59lfhsw004n14n7uivj4q6k	true	10 hottest days -- global RCM RegCM-REMO ensemble -- v1
mapbox.mapbox-streets-v8	cl59m7jcm001414o1hqf8x68l	false	Days above 32°C (90°F) -- global RCM RegCM-REMO ensemble -- v1
mapbox.mapbox-streets-v8	cl59m7jcm001414o1hqf8x68l	true	Days above 32°C (90°F) -- global RCM RegCM-REMO ensemble -- v1
mapbox.mapbox-streets-v8	cl59mxfs9001x14lrn1wdpqbk	false	Days above 35°C (95°F) -- global RCM RegCM-REMO ensemble -- v1
mapbox.mapbox-streets-v8	cl59mxfs9001x14lrn1wdpqbk	true	Days above 35°C (95°F) -- global RCM RegCM-REMO ensemble -- v1
mapbox.mapbox-streets-v8	cl59ntt93004o14l9j4j4vrxq	false	Days above 38°C (100°F) -- global RCM RegCM-REMO ensemble -- v1
mapbox.mapbox-streets-v8	cl59ntt93004o14l9j4j4vrxq	true	Days above 38°C (100°F) -- global RCM RegCM-REMO ensemble -- v1
mapbox.mapbox-streets-v8	cl59pelwc000014lggv1m6lg2	false	Average nighttime temperature -- global RCM RegCM-REMO ensemble -- v1
mapbox.mapbox-streets-v8	cl59pelwc000014lggv1m6lg2	true	Average nighttime temperature -- global RCM RegCM-REMO ensemble -- v1
mapbox.mapbox-streets-v8	cl59y3a8v000714lgpllqj741	false	Frost nights -- global RCM RegCM-REMO ensemble -- v1
mapbox.mapbox-streets-v8	cl59y3a8v000714lgpllqj741	true	Frost nights -- global RCM RegCM-REMO ensemble -- v1
mapbox.mapbox-streets-v8	cl59y9eeo000b14k14hh6ca78	false	Nights above 20°C (68°F) -- global RCM RegCM-REMO ensemble -- v1
mapbox.mapbox-streets-v8	cl59y9eeo000b14k14hh6ca78	true	Nights above 20°C (68°F) -- global RCM RegCM-REMO ensemble -- v1
mapbox.mapbox-streets-v8	cl59ygl4z000814lgv5kqsdz7	false	Nights above 25°C (77°F) -- global RCM RegCM-REMO ensemble -- v1
mapbox.mapbox-streets-v8	cl59ygl4z000814lgv5kqsdz7	true	Nights above 25°C (77°F) -- global RCM RegCM-REMO ensemble -- v1
mapbox.mapbox-streets-v8	cl59ykyfg000c14k1iyl3n2em	false	Freezing days -- global RCM RegCM-REMO ensemble -- v1
mapbox.mapbox-streets-v8	cl59ykyfg000c14k1iyl3n2em	true	Freezing days -- global RCM RegCM-REMO ensemble -- v1
mapbox.mapbox-streets-v8	cl5amu6qw000116nvng3b1p55	false	Days above 26°C wet-bulb -- global RCM RegCM-REMO ensemble -- v1
mapbox.mapbox-streets-v8	cl5amu6qw000116nvng3b1p55	true	Days above 26°C wet-bulb -- global RCM RegCM-REMO ensemble -- v1
mapbox.mapbox-streets-v8	cl5amzusp000614q9nl0de34p	false	Days above 28°C wet-bulb -- global RCM RegCM-REMO ensemble -- v1
mapbox.mapbox-streets-v8	cl5amzusp000614q9nl0de34p	true	Days above 28°C wet-bulb -- global RCM RegCM-REMO ensemble -- v1
mapbox.mapbox-streets-v8	cl5an7fl4000216nv693x0atj	false	Days above 30°C wet-bulb -- global RCM RegCM-REMO ensemble -- v1
mapbox.mapbox-streets-v8	cl5an7fl4000216nv693x0atj	true	Days above 30°C wet-bulb -- global RCM RegCM-REMO ensemble -- v1
mapbox.mapbox-streets-v8	cl5anc752002m14ung7uqotzq	false	Days above 32°C wet-bulb -- global RCM RegCM-REMO ensemble -- v1
mapbox.mapbox-streets-v8	cl5anc752002m14ung7uqotzq	true	Days above 32°C wet-bulb -- global RCM RegCM-REMO ensemble -- v1
mapbox.mapbox-streets-v8	cl5anh0ke003a14pm9u2g5rdq	false	10 hottest wet-bulb days -- global RCM RegCM-REMO ensemble -- v1
mapbox.mapbox-streets-v8	cl5anh0ke003a14pm9u2g5rdq	true	10 hottest wet-bulb days -- global RCM RegCM-REMO ensemble -- v1
mapbox.mapbox-streets-v8	cl5anvbn3000416nvlqq0q625	false	Change in frequency of "1-in-100 year" storm -- global RCM RegCM-REMO ensemble -- v1
mapbox.mapbox-streets-v8	cl5anvbn3000416nvlqq0q625	true	Change in frequency of "1-in-100 year" storm -- global RCM RegCM-REMO ensemble -- v1
mapbox.mapbox-streets-v8	cl5ao7geu001z14rzmwumk3do	false	Change in snowy days -- global RCM RegCM-REMO ensemble -- v1
mapbox.mapbox-streets-v8	cl5ao7geu001z14rzmwumk3do	true	Change in snowy days -- global RCM RegCM-REMO ensemble -- v1
mapbox.mapbox-streets-v8	cl5aodqou005m14l92iv0mjnc	false	Change in wettest 90 days -- global RCM RegCM-REMO ensemble -- v1
mapbox.mapbox-streets-v8	cl5aodqou005m14l92iv0mjnc	true	Change in wettest 90 days -- global RCM RegCM-REMO ensemble -- v1
mapbox.mapbox-streets-v8	cl5apepmb004g14pd1fyy5wdz	false	Days above 32°C (90°F) -- global REMO -- v1
mapbox.mapbox-streets-v8	cl5apepmb004g14pd1fyy5wdz	true	Days above 32°C (90°F) -- global REMO -- v1
mapbox.mapbox-streets-v8	cl5avrgpb00an14qpdi77c7b0	false	10 hottest days -- global REMO -- v1
mapbox.mapbox-streets-v8	cl5avrgpb00an14qpdi77c7b0	true	10 hottest days -- global REMO -- v1
mapbox.mapbox-streets-v8	cl5awme5i002t14mooj4vv9md	false	Nights above 20°C (68°F) -- global REMO -- v1
mapbox.mapbox-streets-v8	cl5awme5i002t14mooj4vv9md	true	Nights above 20°C (68°F) -- global REMO -- v1
mapbox.mapbox-streets-v8	cl5awq2z0002u14mo4rso1wol	false	Nights above 25°C (77°F) -- global REMO -- v1
mapbox.mapbox-streets-v8	cl5awq2z0002u14mo4rso1wol	true	Nights above 25°C (77°F) -- global REMO -- v1
mapbox.mapbox-streets-v8	cl5ccqzez003p14o1owby930o	false	Annual likelihood of 6-month extreme drought -- global REMO -- v1
mapbox.mapbox-streets-v8	cl5ccqzez003p14o1owby930o	true	Annual likelihood of 6-month extreme drought -- global REMO -- v1
mapbox.mapbox-streets-v8	cl5cfboxp000214pg38v112va	false	Days above 35°C (95°F) -- global REMO -- v1
mapbox.mapbox-streets-v8	cl5cfboxp000214pg38v112va	true	Days above 35°C (95°F) -- global REMO -- v1
mapbox.mapbox-streets-v8	cl5cfl67r000115nlqinn4msy	false	Average Temperature -- global REMO -- v1
mapbox.mapbox-streets-v8	cl5cfl67r000115nlqinn4msy	true	Average Temperature -- global REMO -- v1
mapbox.mapbox-streets-v8	cl5cfpqmi000414pgtdej8ub6	false	Freezing days -- global REMO -- v1
mapbox.mapbox-streets-v8	cl5cfpqmi000414pgtdej8ub6	true	Freezing days -- global REMO -- v1
mapbox.mapbox-streets-v8	cl6kf3j3m003r15lji9052p2h	false	Change in precipitation "1-in-100 year" storm -- global RCM RegCM-REMO ensemble -- v1
mapbox.mapbox-streets-v8	cl6kf3j3m003r15lji9052p2h	true	Change in precipitation "1-in-100 year" storm -- global RCM RegCM-REMO ensemble -- v1
mapbox.mapbox-streets-v8	cl7fwv8nf000i14qzu8m50533	false	Likelihood of extreme annual drought - no barren lands -- global REMO -- v1
mapbox.mapbox-streets-v8	cl7fwv8nf000i14qzu8m50533	true	Likelihood of extreme annual drought - no barren lands -- global REMO -- v1
mapbox.mapbox-streets-v8	cl7fx17mz000m14o7n64ocrgp	false	Likelihood of no annual drought conditions - no barren lands -- global REMO -- v1
mapbox.mapbox-streets-v8	cl7fx17mz000m14o7n64ocrgp	true	Likelihood of no annual drought conditions - no barren lands -- global REMO -- v1
mapbox.mapbox-streets-v8	cl82t4a5z002s14ochl1tq75f	false	Water balance -- global RCM RegCM-REMO ensemble -- v1
mapbox.mapbox-streets-v8	cl82t4a5z002s14ochl1tq75f	true	Water balance -- global RCM RegCM-REMO ensemble -- v1
mapbox.mapbox-streets-v8	cl82u2msx003a15lkolpjs18p	false	Climate zones -- global RCM RegCM-REMO ensemble -- v1
mapbox.mapbox-streets-v8	cl82u2msx003a15lkolpjs18p	true	Climate zones -- global RCM RegCM-REMO ensemble -- v1
mapbox.mapbox-streets-v8	cl8a0g5rj005p14p5qywg0ugr	false	Likelihood of year-plus extreme drought -- global RCM RegCM-REMO ensemble -- v1
mapbox.mapbox-streets-v8	cl8a0g5rj005p14p5qywg0ugr	true	Likelihood of year-plus extreme drought -- global RCM RegCM-REMO ensemble -- v1
mapbox.mapbox-streets-v8	cl8a0lz5c000m14l7ym1k9el4	false	Likelihood of year-plus drought -- global RCM RegCM-REMO ensemble -- v1
mapbox.mapbox-streets-v8	cl8a0lz5c000m14l7ym1k9el4	true	Likelihood of year-plus drought -- global RCM RegCM-REMO ensemble -- v1
mapbox.mapbox-streets-v8	cl8a0rh65006414qloma90grc	false	Change in wildfire danger days -- global RCM RegCM-REMO ensemble -- v1
mapbox.mapbox-streets-v8	cl8a0rh65006414qloma90grc	true	Change in wildfire danger days -- global RCM RegCM-REMO ensemble -- v1
mapbox.mapbox-streets-v8	cl8abbl6u000515p991u8w8gz	false	Likelihood of year-plus drought (for comparison map -- Tour of drought page -- 3°C -- Sahel) -- global RCM RegCM-REMO ensemble -- v1 
mapbox.mapbox-streets-v8	cl8abbl6u000515p991u8w8gz	true	Likelihood of year-plus drought (for comparison map -- Tour of drought page -- 3°C -- Sahel) -- global RCM RegCM-REMO ensemble -- v1 
mapbox.mapbox-streets-v8	cl8abcc3700f014nt64d0e8r8	false	Likelihood of year-plus drought (for comparison map -- Tour of drought page -- 1°C -- Sahel) -- global RCM RegCM-REMO ensemble -- v1
mapbox.mapbox-streets-v8	cl8abcc3700f014nt64d0e8r8	true	Likelihood of year-plus drought (for comparison map -- Tour of drought page -- 1°C -- Sahel) -- global RCM RegCM-REMO ensemble -- v1
mapbox.mapbox-streets-v8	cl8abcq6l006d14p5bexzyd1e	false	Likelihood of year-plus drought (for comparison map -- Tour of drought page -- 1°C -- Northern China) -- global RCM RegCM-REMO ensemble -- v1
mapbox.mapbox-streets-v8	cl8abcq6l006d14p5bexzyd1e	true	Likelihood of year-plus drought (for comparison map -- Tour of drought page -- 1°C -- Northern China) -- global RCM RegCM-REMO ensemble -- v1
mapbox.mapbox-streets-v8	cl8abdqhl000z15s3vw8ri2qj	false	Likelihood of year-plus drought (for comparison map -- Tour of drought page -- 3°C -- Northern China) -- global RCM RegCM-REMO ensemble -- v1
mapbox.mapbox-streets-v8	cl8abdqhl000z15s3vw8ri2qj	true	Likelihood of year-plus drought (for comparison map -- Tour of drought page -- 3°C -- Northern China) -- global RCM RegCM-REMO ensemble -- v1
mapbox.mapbox-streets-v8	cl8abf4zf000s15tbodpkr02e	false	Likelihood of year-plus drought (for comparison map -- Tour of drought page -- 3°C -- Perth, Australia) -- global RCM RegCM-REMO ensemble -- v1 
mapbox.mapbox-streets-v8	cl8abf4zf000s15tbodpkr02e	true	Likelihood of year-plus drought (for comparison map -- Tour of drought page -- 3°C -- Perth, Australia) -- global RCM RegCM-REMO ensemble -- v1 
mapbox.mapbox-streets-v8	cl8abfkvu006e14p5167n3wwz	false	Likelihood of year-plus drought (for comparison map -- Tour of drought page -- 1°C -- Perth, Australia) -- global RCM RegCM-REMO ensemble -- v1
mapbox.mapbox-streets-v8	cl8abfkvu006e14p5167n3wwz	true	Likelihood of year-plus drought (for comparison map -- Tour of drought page -- 1°C -- Perth, Australia) -- global RCM RegCM-REMO ensemble -- v1
mapbox.mapbox-streets-v8	clbox5eve000f14qrbn92ois5	false	GCM: Number of Days above 32°C (90°F) -- For About Maps comparison map (Behind the maps page) -- v1
mapbox.mapbox-streets-v8	clbox5eve000f14qrbn92ois5	true	GCM: Number of Days above 32°C (90°F) -- For About Maps comparison map (Behind the maps page) -- v1
mapbox.mapbox-streets-v8	clboxnlb4002e14n5rcbf9ocb	false	REMO: Days above 32C -- For About Maps comparison map (Behind the maps page)-copy
mapbox.mapbox-streets-v8	clboxnlb4002e14n5rcbf9ocb	true	REMO: Days above 32C -- For About Maps comparison map (Behind the maps page)-copy
mapbox.mapbox-streets-v8	cldu7iyay001901pl0q2v96w9	false	Days above 32°C (90°F) -- v2
mapbox.mapbox-streets-v8	cldu7iyay001901pl0q2v96w9	true	Days above 32°C (90°F) -- v2
mapbox.mapbox-streets-v8	cle5ethd3000x01qtrgko6fmv	false	Average Temperature -- v2
mapbox.mapbox-streets-v8	cle5ethd3000x01qtrgko6fmv	true	Average Temperature -- v2
mapbox.mapbox-streets-v8	cle5fqrhd002q01qmcd7rk940	false	Average daytime temperature -- v2
mapbox.mapbox-streets-v8	cle5fqrhd002q01qmcd7rk940	true	Average daytime temperature -- v2
mapbox.mapbox-streets-v8	cle5gr70l000m01o399u73k8y	false	10 hottest days -- v2
mapbox.mapbox-streets-v8	cle5gr70l000m01o399u73k8y	true	10 hottest days -- v2
mapbox.mapbox-streets-v8	cle5i7fwp003c01qgbsqmg1tj	false	Days above 35°C (95°F) -- v2
mapbox.mapbox-streets-v8	cle5i7fwp003c01qgbsqmg1tj	true	Days above 35°C (95°F) -- v2
mapbox.mapbox-streets-v8	cle5ik4xw001401qtmx3iupap	false	Days above 38°C (100°F) -- v2
mapbox.mapbox-streets-v8	cle5ik4xw001401qtmx3iupap	true	Days above 38°C (100°F) -- v2
mapbox.mapbox-streets-v8	cle5iyoyr001k01q9lzpcqhoh	false	Average nighttime temperature -- v2
mapbox.mapbox-streets-v8	cle5iyoyr001k01q9lzpcqhoh	true	Average nighttime temperature -- v2
mapbox.mapbox-streets-v8	cle5kmbpx001301ldiwi6k739	false	Frost nights -- v2
mapbox.mapbox-streets-v8	cle5kmbpx001301ldiwi6k739	true	Frost nights -- v2
mapbox.mapbox-streets-v8	cle5l2sbs007y01tes0li5a2z	false	Nights above 20°C (68°F) -- v2
mapbox.mapbox-streets-v8	cle5l2sbs007y01tes0li5a2z	true	Nights above 20°C (68°F) -- v2
mapbox.mapbox-streets-v8	cle5lfg8b006b01mt7dgi3k65	false	Nights above 25°C (77°F) -- v2
mapbox.mapbox-streets-v8	cle5lfg8b006b01mt7dgi3k65	true	Nights above 25°C (77°F) -- v2
mapbox.mapbox-streets-v8	cle5lx0y8003401noyf3pnggm	false	Freezing days -- v2
mapbox.mapbox-streets-v8	cle5lx0y8003401noyf3pnggm	true	Freezing days -- v2
mapbox.mapbox-streets-v8	cle5pyznm003j01qmrmk88o4c	false	Days above 26°C wet-bulb -- v2
mapbox.mapbox-streets-v8	cle5pyznm003j01qmrmk88o4c	true	Days above 26°C wet-bulb -- v2
mapbox.mapbox-streets-v8	cle8k0wbj003e01lnanhdzzv4	false	Days above 28°C wet-bulb -- v2
mapbox.mapbox-streets-v8	cle8k0wbj003e01lnanhdzzv4	true	Days above 28°C wet-bulb -- v2
mapbox.mapbox-streets-v8	cle8k6mxy001401nzqjb2i47s	false	Days above 30°C wet-bulb -- v2
mapbox.mapbox-streets-v8	cle8k6mxy001401nzqjb2i47s	true	Days above 30°C wet-bulb -- v2
mapbox.mapbox-streets-v8	cle8kep4j007q01qm7mlwazow	false	Days above 32°C wet-bulb -- v2
mapbox.mapbox-streets-v8	cle8kep4j007q01qm7mlwazow	true	Days above 32°C wet-bulb -- v2
mapbox.mapbox-streets-v8	cle8kk10600cp01te0c5ggrkz	false	10 hottest wet-bulb days -- v2
mapbox.mapbox-streets-v8	cle8kk10600cp01te0c5ggrkz	true	10 hottest wet-bulb days -- v2
mapbox.mapbox-streets-v8	clg417c2r002e01qp5hdn21pl	false	Average Temperature -- v2-copy
mapbox.mapbox-streets-v8	clg417c2r002e01qp5hdn21pl	true	Average Temperature -- v2-copy
mapbox.mapbox-streets-v8	clguxgc01001c01pfe4hm2i78	false	Average Temperature -- v2-copy-copy
mapbox.mapbox-streets-v8	clguxgc01001c01pfe4hm2i78	true	Average Temperature -- v2-copy-copy
mapbox.mapbox-streets-v8	clguz0sqm009c01pb2t6oh2rr	false	Average Temperature -- v2-copy-copy
mapbox.mapbox-streets-v8	clguz0sqm009c01pb2t6oh2rr	true	Average Temperature -- v2-copy-copy
mapbox.mapbox-streets-v8	clh6ey7in001g01qvhduy01gz	false	Average Temperature -- v2-copy-copy atmosphere playground 2-copy
mapbox.mapbox-streets-v8	clh6ey7in001g01qvhduy01gz	true	Average Temperature -- v2-copy-copy atmosphere playground 2-copy
mapbox.mapbox-streets-v8	clh6f2g6w009g01qjaumx61cn	false	Globe option: Brand black space, globe illos gray low atmos -- Average Temperature -- v2-copy
mapbox.mapbox-streets-v8	clh6f2g6w009g01qjaumx61cn	true	Globe option: Brand black space, globe illos gray low atmos -- Average Temperature -- v2-copy
mapbox.mapbox-streets-v8	clh6f6fzf009j01qjg5zw8pcm	false	Globe option: Zero-bin gray space, globe illos gray low atmos -- Average Temperature -- v2-copy-copy
mapbox.mapbox-streets-v8	clh6f6fzf009j01qjg5zw8pcm	true	Globe option: Zero-bin gray space, globe illos gray low atmos -- Average Temperature -- v2-copy-copy
mapbox.mapbox-streets-v8	clh6f81j001gt01paa1e54jea	false	Globe option: Brand black space and atmos -- Average Temperature -- v2-copy
mapbox.mapbox-streets-v8	clh6f81j001gt01paa1e54jea	true	Globe option: Brand black space and atmos -- Average Temperature -- v2-copy
mapbox.mapbox-streets-v8	clh6fhdag01ff01p85ckp2lyo	false	Globe option: Globe-illos gray space and both atmos -- Average Temperature -- v2-copy
mapbox.mapbox-streets-v8	clh6fhdag01ff01p85ckp2lyo	true	Globe option: Globe-illos gray space and both atmos -- Average Temperature -- v2-copy
mapbox.mapbox-streets-v8	clhufmhfn023y01pn976z0gws	false	Change in total annual precipitation -- v3
mapbox.mapbox-streets-v8	clhufmhfn023y01pn976z0gws	true	Change in total annual precipitation -- v3
mapbox.mapbox-streets-v8	clhuooyb7004n01qu85kh24fo	false	Change in dry hot days -- v3
mapbox.mapbox-streets-v8	clhuooyb7004n01qu85kh24fo	true	Change in dry hot days -- v3
mapbox.mapbox-streets-v8	clhuot8cr024o01pnfdqf710x	false	Change in frequency of "1-in-100 year" storm -- v3
mapbox.mapbox-streets-v8	clhuot8cr024o01pnfdqf710x	true	Change in frequency of "1-in-100 year" storm -- v3
mapbox.mapbox-streets-v8	clhyiscjx028w01qu7vim9cml	false	Change in precipitation "1-in-100 year" storm -- v3
mapbox.mapbox-streets-v8	clhyiscjx028w01qu7vim9cml	true	Change in precipitation "1-in-100 year" storm -- v3
mapbox.mapbox-streets-v8	clhyixhg0028y01qu89iu8e2l	false	Change in snowy days -- v3
mapbox.mapbox-streets-v8	clhyixhg0028y01qu89iu8e2l	true	Change in snowy days -- v3
mapbox.mapbox-streets-v8	clhyj2rj6027601pr6h68953d	false	Change in wettest 90 days -- v3
mapbox.mapbox-streets-v8	clhyj2rj6027601pr6h68953d	true	Change in wettest 90 days -- v3
mapbox.mapbox-streets-v8	clhyqgvkg004i01obb8pm9zto	false	Average Temperature -- v3
mapbox.mapbox-streets-v8	clhyqgvkg004i01obb8pm9zto	true	Average Temperature -- v3
mapbox.mapbox-streets-v8	clhyqxusn00aq01qseqtc3om9	false	Average daytime temperature -- v3
mapbox.mapbox-streets-v8	clhyqxusn00aq01qseqtc3om9	true	Average daytime temperature -- v3
mapbox.mapbox-streets-v8	clhyr2h5b025l01r0f0xa9kzb	false	10 hottest days -- v3
mapbox.mapbox-streets-v8	clhyr2h5b025l01r0f0xa9kzb	true	10 hottest days -- v3
mapbox.mapbox-streets-v8	clhyr76qr028501pr9vjx9a1d	false	Days above 32°C (90°F) -- v3
mapbox.mapbox-streets-v8	clhyr76qr028501pr9vjx9a1d	true	Days above 32°C (90°F) -- v3
mapbox.mapbox-streets-v8	clhyrro7r028j01quaigo1l8g	false	Days above 35°C (95°F) -- v3
mapbox.mapbox-streets-v8	clhyrro7r028j01quaigo1l8g	true	Days above 35°C (95°F) -- v3
mapbox.mapbox-streets-v8	clhyrwhlt02ae01qu6uojdjhx	false	Days above 38°C (100°F) -- v3
mapbox.mapbox-streets-v8	clhyrwhlt02ae01qu6uojdjhx	true	Days above 38°C (100°F) -- v3
mapbox.mapbox-streets-v8	clhzyf384028601r0br6g94y6	false	Average nighttime temperature -- v3
mapbox.mapbox-streets-v8	clhzyf384028601r0br6g94y6	true	Average nighttime temperature -- v3
mapbox.mapbox-streets-v8	clhzykaon02ar01qu0iah4r6c	false	Frost nights -- v3
mapbox.mapbox-streets-v8	clhzykaon02ar01qu0iah4r6c	true	Frost nights -- v3
mapbox.mapbox-streets-v8	clhzypp66028901r05kixdepa	false	Nights above 20°C (68°F) -- v3
mapbox.mapbox-streets-v8	clhzypp66028901r05kixdepa	true	Nights above 20°C (68°F) -- v3
mapbox.mapbox-streets-v8	clhzyvdlw02dm01qydo7s7fmb	false	Nights above 25°C (77°F) -- v3
mapbox.mapbox-streets-v8	clhzyvdlw02dm01qydo7s7fmb	true	Nights above 25°C (77°F) -- v3
mapbox.mapbox-streets-v8	clhzz2hvl02as01quh2kqdao4	false	Freezing days -- v3
mapbox.mapbox-streets-v8	clhzz2hvl02as01quh2kqdao4	true	Freezing days -- v3
mapbox.mapbox-streets-v8	clhzzu7r2028d01r01jasa97q	false	Days above 26°C wet-bulb -- v3
mapbox.mapbox-streets-v8	clhzzu7r2028d01r01jasa97q	true	Days above 26°C wet-bulb -- v3
mapbox.mapbox-streets-v8	clhzzzbze000k01r1h9m1cql6	false	Days above 28°C wet-bulb -- v3
mapbox.mapbox-streets-v8	clhzzzbze000k01r1h9m1cql6	true	Days above 28°C wet-bulb -- v3
mapbox.mapbox-streets-v8	cli004t7p02av01quclg5aoqe	false	Days above 30°C wet-bulb -- v3
mapbox.mapbox-streets-v8	cli004t7p02av01quclg5aoqe	true	Days above 30°C wet-bulb -- v3
mapbox.mapbox-streets-v8	cli00aegl02cf01pn98g44e3e	false	Days above 32°C wet-bulb -- v3
mapbox.mapbox-streets-v8	cli00aegl02cf01pn98g44e3e	true	Days above 32°C wet-bulb -- v3
mapbox.mapbox-streets-v8	cli00g7pj00f501pn7ox1hz7b	false	10 hottest wet-bulb days -- v3
mapbox.mapbox-streets-v8	cli00g7pj00f501pn7ox1hz7b	true	10 hottest wet-bulb days -- v3
mapbox.mapbox-streets-v8	cli07tazp02d901pn5jjj5tvn	false	Water balance -- v3
mapbox.mapbox-streets-v8	cli07tazp02d901pn5jjj5tvn	true	Water balance -- v3
mapbox.mapbox-streets-v8	cli07z7bu02fm01pg4vqk9ukg	false	Change in wildfire danger days -- v3
mapbox.mapbox-streets-v8	cli07z7bu02fm01pg4vqk9ukg	true	Change in wildfire danger days -- v3
mapbox.mapbox-streets-v8	cli4ctifx02hx01r03gfygf6f	false	Likelihood of year-plus extreme drought -- v3
mapbox.mapbox-streets-v8	cli4ctifx02hx01r03gfygf6f	true	Likelihood of year-plus extreme drought -- v3
mapbox.mapbox-streets-v8	cli4cyaez00oo01pn4twydvb7	false	Likelihood of year-plus drought -- v3
mapbox.mapbox-streets-v8	cli4cyaez00oo01pn4twydvb7	true	Likelihood of year-plus drought -- v3
mapbox.mapbox-streets-v8	clk00bkc200re01nm7s2o1dqt	false	Change in total annual precipitation -- v3-copy
mapbox.mapbox-streets-v8	clk00bkc200re01nm7s2o1dqt	true	Change in total annual precipitation -- v3-copy
mapbox.mapbox-streets-v8	clk00cgal00rz01nsereoc136	false	Likelihood of year-plus drought -- v3-copy
mapbox.mapbox-streets-v8	clk00cgal00rz01nsereoc136	true	Likelihood of year-plus drought -- v3-copy
mapbox.mapbox-streets-v8	clk00czhr00sz01qvcdo0cfws	false	Change in snowy days -- v3-copy
mapbox.mapbox-streets-v8	clk00czhr00sz01qvcdo0cfws	true	Change in snowy days -- v3-copy
mapbox.mapbox-streets-v8	clnbsx0xv03lv01pb5b2kbjau	false	Climate zones -- v3
mapbox.mapbox-streets-v8	clnbsx0xv03lv01pb5b2kbjau	true	Climate zones -- v3
mapbox.mapbox-streets-v8	clo8j3xby00x601qm5swhfhif	false	Likelihood of daytime heat wave -- v3
mapbox.mapbox-streets-v8	clo8j3xby00x601qm5swhfhif	true	Likelihood of daytime heat wave -- v3
mapbox.mapbox-streets-v8	clogysogp008b01qqg4bfgumv	false	Likelihood of nighttime heat wave -- v3
mapbox.mapbox-streets-v8	clogysogp008b01qqg4bfgumv	true	Likelihood of nighttime heat wave -- v3
mapbox.mapbox-streets-v8	clr4pe2k400ds01p56a6jc3en	false	Days above 45°C (113°F) -- v3
mapbox.mapbox-streets-v8	clr4pe2k400ds01p56a6jc3en	true	Days above 45°C (113°F) -- v3
mapbox.mapbox-streets-v8	clrjfvn2900oi01pe6lzhesid	false	10 hottest nights -- v3
mapbox.mapbox-streets-v8	clrjfvn2900oi01pe6lzhesid	true	10 hottest nights -- v3
mapbox.mapbox-streets-v8	cltx1yoqo00eb01qwcebs7d3z	false	Average winter temperatures -- v3
mapbox.mapbox-streets-v8	cltx1yoqo00eb01qwcebs7d3z	true	Average winter temperatures -- v3
mapbox.mapbox-streets-v8	clw4nd50401cv01qu3geqabjr	false	Streets
mapbox.mapbox-streets-v8	clw4nd50401cv01qu3geqabjr	true	Streets
mapbox.mapbox-streets-v8	clyx4j534009o01p63e0x7rb5	false	Three hottest days - consecutive, ensemble maxmin -- v3
mapbox.mapbox-streets-v8	clyx4j534009o01p63e0x7rb5	true	Three hottest days - consecutive, ensemble maxmin -- v3
mapbox.mapbox-streets-v8	clyx4nsgr009s01pf0fn0487n	false	Three coldest days - consecutive, ensemble maxmin -- v3
mapbox.mapbox-streets-v8	clyx4nsgr009s01pf0fn0487n	true	Three coldest days - consecutive, ensemble maxmin -- v3
mapbox.mapbox-streets-v8	cmh7ltrj0004001r21ixsfwtj	false	Days above 32°C (90°F) -- v3-m-m
mapbox.mapbox-streets-v8	cmh7ltrj0004001r21ixsfwtj	true	Days above 32°C (90°F) -- v3-m-m
mapbox.mapbox-streets-v8	cmhjg1ml100e501r82bnv4e0j	false	Average Temperature -- v3-m-m
mapbox.mapbox-streets-v8	cmhjg1ml100e501r82bnv4e0j	true	Average Temperature -- v3-m-m
mapbox.mapbox-streets-v8	cmhjgd8wb00e201r68kkfa2n2	false	Freezing days -- v3-m-m
mapbox.mapbox-streets-v8	cmhjgd8wb00e201r68kkfa2n2	true	Freezing days -- v3-m-m
mapbox.mapbox-streets-v8	cmhjh9x7r00eg01rgfljbfahr	false	Change in total annual precipitation -- v3-m-m
mapbox.mapbox-streets-v8	cmhjh9x7r00eg01rgfljbfahr	true	Change in total annual precipitation -- v3-m-m
mapbox.mapbox-streets-v8	cmhjhmvqn000101rcfwen1bjh	false	Change in wildfire danger days -- v3-m-m
mapbox.mapbox-streets-v8	cmhjhmvqn000101rcfwen1bjh	true	Change in wildfire danger days -- v3-m-m
mapbox.mapbox-streets-v8	cmo1cw51200yi01se5gcuewdd	false	Days above 35°C (95°F) -- v3
mapbox.mapbox-streets-v8	cmo1cw51200yi01se5gcuewdd	true	Days above 35°C (95°F) -- v3
mapbox.mapbox-streets-v8	cmo1fys0r006p01qw2e6ibvhv	false	Days above 35°C (95°F) -- v3
mapbox.mapbox-streets-v8	cmo1fys0r006p01qw2e6ibvhv	true	Days above 35°C (95°F) -- v3
mapbox.mapbox-streets-v8	cmo759jfm000s01sfgtlr1s6z	false	zoom1-style
mapbox.mapbox-streets-v8	cmo759jfm000s01sfgtlr1s6z	true	zoom1-style
mapbox.mapbox-streets-v8	cmp3tkbqx000g01s9e7zlaoc1	false	Days above 50°C (122°F) -- v3
mapbox.mapbox-streets-v8	cmp3tkbqx000g01s9e7zlaoc1	true	Days above 50°C (122°F) -- v3
mapbox.mapbox-streets-v8	cmseu7fvp00gq01s8e3ev2e73	false	Days above 35°C (95°F) -- v3
mapbox.mapbox-streets-v8	cmseu7fvp00gq01s8e3ev2e73	true	Days above 35°C (95°F) -- v3
mapbox.mapbox-streets-v8	cmsnf627o014x01sd6wnoa5bl	false	40105 hi-res -- v4
mapbox.mapbox-streets-v8	cmsnf627o014x01sd6wnoa5bl	true	40105 hi-res -- v4
mapbox.mapbox-streets-v8	cmsnfh05p014z01sd8jdoczi6	false	40104 hi-res -- v4
mapbox.mapbox-streets-v8	cmsnfh05p014z01sd8jdoczi6	true	40104 hi-res -- v4
mapbox.mapbox-streets-v8	cmsnfp9q0015201sd9o0l24d1	false	40101 hi-res -- v4
mapbox.mapbox-streets-v8	cmsnfp9q0015201sd9o0l24d1	true	40101 hi-res -- v4
mapbox.mapbox-streets-v8	cmsnfxyp5011i01s9f1a45sfs	false	40202 hi-res -- v4
mapbox.mapbox-streets-v8	cmsnfxyp5011i01s9f1a45sfs	true	40202 hi-res -- v4
mapbox.mapbox-streets-v8	cmsng66e4015401sdbfy9ecwe	false	40206 hi-res -- v4
mapbox.mapbox-streets-v8	cmsng66e4015401sdbfy9ecwe	true	40206 hi-res -- v4
mapbox.mapbox-streets-v8	cmsngflyi010c01sf2jfc8xkc	false	40301 hi-res -- v4
mapbox.mapbox-streets-v8	cmsngflyi010c01sf2jfc8xkc	true	40301 hi-res -- v4
mapbox.mapbox-streets-v8	cmsngnqdm012r01s80xrw7a1s	false	40302 hi-res -- v4
mapbox.mapbox-streets-v8	cmsngnqdm012r01s80xrw7a1s	true	40302 hi-res -- v4
mapbox.mapbox-streets-v8	cmsngxa0q00rc01sa9dsv3k63	false	40601 hi-res -- v4
mapbox.mapbox-streets-v8	cmsngxa0q00rc01sa9dsv3k63	true	40601 hi-res -- v4
mapbox.mapbox-streets-v8	cmsnh6k9500rh01sad4kp9g5q	false	40614 hi-res -- v4
mapbox.mapbox-streets-v8	cmsnh6k9500rh01sad4kp9g5q	true	40614 hi-res -- v4
mapbox.mapbox-streets-v8	cmsnhhytv012z01s81kx1gbcy	false	40702 hi-res -- v4
mapbox.mapbox-streets-v8	cmsnhhytv012z01s81kx1gbcy	true	40702 hi-res -- v4
mapbox.mapbox-streets-v8	cmsxpxig0006j01qya4zo4eyx	false	40105 diff -- v4
mapbox.mapbox-streets-v8	cmsxpxig0006j01qya4zo4eyx	true	40105 diff -- v4
mapbox.mapbox-streets-v8	cmsyfqhxj00ad01se70pc8m8q	false	40102 hi-res -- v4
mapbox.mapbox-streets-v8	cmsyfqhxj00ad01se70pc8m8q	true	40102 hi-res -- v4
mapbox.mapbox-streets-v8	cmsyg48fd00af01see49gcigg	false	40103 hi-res -- v4
mapbox.mapbox-streets-v8	cmsyg48fd00af01see49gcigg	true	40103 hi-res -- v4
mapbox.mapbox-streets-v8	cmsygf86z007u01sa0jon8wxs	false	40106 hi-res -- v4
mapbox.mapbox-streets-v8	cmsygf86z007u01sa0jon8wxs	true	40106 hi-res -- v4
mapbox.mapbox-streets-v8	cmsygqx83005s01r078168l3j	false	40107 hi-res -- v4
mapbox.mapbox-streets-v8	cmsygqx83005s01r078168l3j	true	40107 hi-res -- v4
mapbox.mapbox-streets-v8	cmsyhd327005t01r01dni5ach	false	40204 hi-res -- v4
mapbox.mapbox-streets-v8	cmsyhd327005t01r01dni5ach	true	40204 hi-res -- v4
mapbox.mapbox-streets-v8	cmsyhr0lh002c01qx7s6c6yni	false	40205 hi-res -- v4
mapbox.mapbox-streets-v8	cmsyhr0lh002c01qx7s6c6yni	true	40205 hi-res -- v4
mapbox.mapbox-streets-v8	cmsyi7f4x00ap01se4izd2q4w	false	40207 hi-res -- v4
mapbox.mapbox-streets-v8	cmsyi7f4x00ap01se4izd2q4w	true	40207 hi-res -- v4
mapbox.mapbox-streets-v8	cmsyinukc007p01qy7kgpbmb2	false	40303 hi-res -- v4
mapbox.mapbox-streets-v8	cmsyinukc007p01qy7kgpbmb2	true	40303 hi-res -- v4
mapbox.mapbox-streets-v8	cmsyj3x2w00at01sea2bqctui	false	40304 hi-res -- v4
mapbox.mapbox-streets-v8	cmsyj3x2w00at01sea2bqctui	true	40304 hi-res -- v4
mapbox.mapbox-streets-v8	cmsyji2xv007u01qy5wvb92c0	false	40701 hi-res -- v4
mapbox.mapbox-streets-v8	cmsyji2xv007u01qy5wvb92c0	true	40701 hi-res -- v4
mapbox.mapbox-streets-v8	cmsykth82009v01sd45krfjur	false	40201 hi-res -- v4
mapbox.mapbox-streets-v8	cmsykth82009v01sd45krfjur	true	40201 hi-res -- v4
mapbox.mapbox-streets-v8	cmsyl76bu009x01sdh15i6a9m	false	40203 hi-res -- v4
mapbox.mapbox-streets-v8	cmsyl76bu009x01sdh15i6a9m	true	40203 hi-res -- v4
mapbox.mapbox-streets-v8	cmszwsyju00a301qy7ut1a713	false	40101 diff -- v4
mapbox.mapbox-streets-v8	cmszwsyju00a301qy7ut1a713	true	40101 diff -- v4
mapbox.mapbox-streets-v8	cmszx1mop00e601se16l16u0x	false	40104 diff -- v4
mapbox.mapbox-streets-v8	cmszx1mop00e601se16l16u0x	true	40104 diff -- v4
mapbox.mapbox-streets-v8	cmszx92pa00e801seg2w880qd	false	40206 diff -- v4
mapbox.mapbox-streets-v8	cmszx92pa00e801seg2w880qd	true	40206 diff -- v4
mapbox.mapbox-streets-v8	cmszxjf6o00c301sd5g7p5oe8	false	40301 diff -- v4
mapbox.mapbox-streets-v8	cmszxjf6o00c301sd5g7p5oe8	true	40301 diff -- v4
mapbox.mapbox-streets-v8	cmszxw8lq00af01sa1chs7ogl	false	40302 diff -- v4
mapbox.mapbox-streets-v8	cmszxw8lq00af01sa1chs7ogl	true	40302 diff -- v4
mapbox.mapbox-streets-v8	cmszy8x6w00ed01se66tnf7gk	false	40601 diff -- v4
mapbox.mapbox-streets-v8	cmszy8x6w00ed01se66tnf7gk	true	40601 diff -- v4
mapbox.mapbox-streets-v8	cmszyls2c00c901sdfiaa23ux	false	40614 diff -- v4
mapbox.mapbox-streets-v8	cmszyls2c00c901sdfiaa23ux	true	40614 diff -- v4
mapbox.mapbox-streets-v8	cmszywa1300aj01sa7y2v8s50	false	40702 diff -- v4
mapbox.mapbox-streets-v8	cmszywa1300aj01sa7y2v8s50	true	40702 diff -- v4
mapbox.mapbox-streets-v8	cmt02f1f000ew01seczxx74zo	false	40102 diff -- v4
mapbox.mapbox-streets-v8	cmt02f1f000ew01seczxx74zo	true	40102 diff -- v4
mapbox.mapbox-streets-v8	cmt02nc1o00ex01se3pnjephc	false	40103 diff -- v4
mapbox.mapbox-streets-v8	cmt02nc1o00ex01se3pnjephc	true	40103 diff -- v4
mapbox.mapbox-streets-v8	cmt02wt2i00cn01sd2inu3c8d	false	40106 diff -- v4
mapbox.mapbox-streets-v8	cmt02wt2i00cn01sd2inu3c8d	true	40106 diff -- v4
mapbox.mapbox-streets-v8	cmt0367vu003201qxayfw2h09	false	40107 diff -- v4
mapbox.mapbox-streets-v8	cmt0367vu003201qxayfw2h09	true	40107 diff -- v4
mapbox.mapbox-streets-v8	cmt04k6wt000101sgejh5d5q3	false	40201 diff -- v4
mapbox.mapbox-streets-v8	cmt04k6wt000101sgejh5d5q3	true	40201 diff -- v4
mapbox.mapbox-streets-v8	cmt04ti30000101shhved57po	false	40203 diff -- v4
mapbox.mapbox-streets-v8	cmt04ti30000101shhved57po	true	40203 diff -- v4
mapbox.mapbox-streets-v8	cmt053f73000301scc0ei0vg2	false	40204 diff -- v4
mapbox.mapbox-streets-v8	cmt053f73000301scc0ei0vg2	true	40204 diff -- v4
mapbox.mapbox-streets-v8	cmt05cw1k000501sc5oi14hr3	false	40205 diff -- v4
mapbox.mapbox-streets-v8	cmt05cw1k000501sc5oi14hr3	true	40205 diff -- v4
mapbox.mapbox-streets-v8	cmt05nvw8000601sccu5hfzxo	false	40207 diff -- v4
mapbox.mapbox-streets-v8	cmt05nvw8000601sccu5hfzxo	true	40207 diff -- v4
mapbox.mapbox-streets-v8	cmt05whxc000501qz3uuvd395	false	40303 diff -- v4
mapbox.mapbox-streets-v8	cmt05whxc000501qz3uuvd395	true	40303 diff -- v4
mapbox.mapbox-streets-v8	cmt0684aw000a01scaoedg1s7	false	40304 diff -- v4
mapbox.mapbox-streets-v8	cmt0684aw000a01scaoedg1s7	true	40304 diff -- v4
mapbox.mapbox-streets-v8	cmt06ia7j000f01sg5dlafrsa	false	40701 diff -- v4
mapbox.mapbox-streets-v8	cmt06ia7j000f01sg5dlafrsa	true	40701 diff -- v4
mapbox.mapbox-streets-v8	cmt9xkbyx00h101sc8h6181fx	false	40616 diff -- v4
mapbox.mapbox-streets-v8	cmt9xkbyx00h101sc8h6181fx	true	40616 diff -- v4
mapbox.mapbox-streets-v8	cmt9xtrqx00gw01qzdyyqcony	false	40703 diff -- v4
mapbox.mapbox-streets-v8	cmt9xtrqx00gw01qzdyyqcony	true	40703 diff -- v4
mapbox.mapbox-streets-v8	cmta2gxfu00hm01sccbosar3m	false	40616 hi-res -- v4
mapbox.mapbox-streets-v8	cmta2gxfu00hm01sccbosar3m	true	40616 hi-res -- v4
mapbox.mapbox-streets-v8	cmta3o9u3003201qq8ndbdz8a	false	40703 hi-res -- v4
mapbox.mapbox-streets-v8	cmta3o9u3003201qq8ndbdz8a	true	40703 hi-res -- v4
mapbox.mapbox-streets-v8	cmtam709s00in01qzcm5o6mcn	false	40105 era5 -- v4
mapbox.mapbox-streets-v8	cmtam709s00in01qzcm5o6mcn	true	40105 era5 -- v4
mapbox.mapbox-streets-v8	cmtcrugjb001n01sg4p607m14	false	40101 era5 -- v4
mapbox.mapbox-streets-v8	cmtcrugjb001n01sg4p607m14	true	40101 era5 -- v4
mapbox.mapbox-streets-v8	cmtcryewv001l01s1b91ndn7k	false	40102 era5 -- v4
mapbox.mapbox-streets-v8	cmtcryewv001l01s1b91ndn7k	true	40102 era5 -- v4
mapbox.mapbox-streets-v8	cmtcs3pw0001b01qu3xux7sqq	false	40103 era5 -- v4
mapbox.mapbox-streets-v8	cmtcs3pw0001b01qu3xux7sqq	true	40103 era5 -- v4
mapbox.mapbox-streets-v8	cmtcs7ezr001c01qu6d4ia0ea	false	40104 era5 -- v4
mapbox.mapbox-streets-v8	cmtcs7ezr001c01qu6d4ia0ea	true	40104 era5 -- v4
mapbox.mapbox-streets-v8	cmtcsba3k001r01sggi5vc2ou	false	40106 era5 -- v4
mapbox.mapbox-streets-v8	cmtcsba3k001r01sggi5vc2ou	true	40106 era5 -- v4
mapbox.mapbox-streets-v8	cmtcsgodl001e01qu0ri38mpw	false	40107 era5 -- v4
mapbox.mapbox-streets-v8	cmtcsgodl001e01qu0ri38mpw	true	40107 era5 -- v4
mapbox.mapbox-streets-v8	cmtcsmg04001r01pcegincba6	false	40201 era5 -- v4
mapbox.mapbox-streets-v8	cmtcsmg04001r01pcegincba6	true	40201 era5 -- v4
mapbox.mapbox-streets-v8	cmtcsrfpn001o01s13mxheptn	false	40202 era5 -- v4
mapbox.mapbox-streets-v8	cmtcsrfpn001o01s13mxheptn	true	40202 era5 -- v4
mapbox.mapbox-streets-v8	cmtcsvatw001q01sahk565ejx	false	40203 era5 -- v4
mapbox.mapbox-streets-v8	cmtcsvatw001q01sahk565ejx	true	40203 era5 -- v4
mapbox.mapbox-streets-v8	cmtcsyuee001t01sg0637auog	false	40204 era5 -- v4
mapbox.mapbox-streets-v8	cmtcsyuee001t01sg0637auog	true	40204 era5 -- v4
mapbox.mapbox-streets-v8	cmtct3e47000101s51vrjb7fw	false	40205 era5 -- v4
mapbox.mapbox-streets-v8	cmtct3e47000101s51vrjb7fw	true	40205 era5 -- v4
mapbox.mapbox-streets-v8	cmtct7r0n001t01s198jqd1fj	false	40206 era5 -- v4
mapbox.mapbox-streets-v8	cmtct7r0n001t01s198jqd1fj	true	40206 era5 -- v4
mapbox.mapbox-streets-v8	cmtctdfjo001s01saax88c116	false	40207 era5 -- v4
mapbox.mapbox-streets-v8	cmtctdfjo001s01saax88c116	true	40207 era5 -- v4
mapbox.mapbox-streets-v8	cmth9c5v9006b01s5c3ni4krz	false	40305 era5 -- v4
mapbox.mapbox-streets-v8	cmth9c5v9006b01s5c3ni4krz	true	40305 era5 -- v4
mapbox.mapbox-streets-v8	cmth9hhhc008i01qt53pg8jty	false	40301 era5 -- v4
mapbox.mapbox-streets-v8	cmth9hhhc008i01qt53pg8jty	true	40301 era5 -- v4
mapbox.mapbox-streets-v8	cmth9lorw007z01s10f2h068d	false	40302 era5 -- v4
mapbox.mapbox-streets-v8	cmth9lorw007z01s10f2h068d	true	40302 era5 -- v4
mapbox.mapbox-streets-v8	cmth9v0a7008k01qtcmqa1r61	false	40303 era5 -- v4
mapbox.mapbox-streets-v8	cmth9v0a7008k01qtcmqa1r61	true	40303 era5 -- v4
mapbox.mapbox-streets-v8	cmth9ytm8007z01qufg3j4bac	false	40304 era5 -- v4
mapbox.mapbox-streets-v8	cmth9ytm8007z01qufg3j4bac	true	40304 era5 -- v4
mapbox.mapbox-streets-v8	cmthf0wyk006s01s52u11c0dl	false	40601 era5 -- v4
mapbox.mapbox-streets-v8	cmthf0wyk006s01s52u11c0dl	true	40601 era5 -- v4
mapbox.mapbox-streets-v8	cmthf4eca009301qt9k4w180i	false	40607 era5 -- v4
mapbox.mapbox-streets-v8	cmthf4eca009301qt9k4w180i	true	40607 era5 -- v4
mapbox.mapbox-streets-v8	cmthf82qt008w01sghyxvci7o	false	40613 era5 -- v4
mapbox.mapbox-streets-v8	cmthf82qt008w01sghyxvci7o	true	40613 era5 -- v4
mapbox.mapbox-streets-v8	cmthfbvuv008l01s1f2b0a7w9	false	40614 era5 -- v4
mapbox.mapbox-streets-v8	cmthfbvuv008l01s1f2b0a7w9	true	40614 era5 -- v4
mapbox.mapbox-streets-v8	cmthffg4i008m01s1037f1gqi	false	40616 era5 -- v4
mapbox.mapbox-streets-v8	cmthffg4i008m01s1037f1gqi	true	40616 era5 -- v4
mapbox.mapbox-streets-v8	cmtinyy5n00br01qtexnz1blu	false	40601 v3abs -- v4
mapbox.mapbox-streets-v8	cmtinyy5n00br01qtexnz1blu	true	40601 v3abs -- v4
mapbox.mapbox-streets-v8	cmtio50gy008x01s5fwswcxg8	false	40614 v3abs -- v4
mapbox.mapbox-streets-v8	cmtio50gy008x01s5fwswcxg8	true	40614 v3abs -- v4
mapbox.mapbox-streets-v8	cmtio9u2c00b501sgc1bx6sn7	false	40616 v3abs -- v4
mapbox.mapbox-streets-v8	cmtio9u2c00b501sgc1bx6sn7	true	40616 v3abs -- v4
mapbox.mapbox-streets-v8	cmtiovs2g00bt01qtcqzkdgt6	false	40601 abs -- v4
mapbox.mapbox-streets-v8	cmtiovs2g00bt01qtcqzkdgt6	true	40601 abs -- v4
mapbox.mapbox-streets-v8	cmtip54yu00au01qu0u4k7c0c	false	40614 abs -- v4
mapbox.mapbox-streets-v8	cmtip54yu00au01qu0u4k7c0c	true	40614 abs -- v4
mapbox.mapbox-streets-v8	cmtiphoos00b701sg201h20v8	false	40616 abs -- v4
mapbox.mapbox-streets-v8	cmtiphoos00b701sg201h20v8	true	40616 abs -- v4
mapbox.mapbox-terrain-dem-v1	ckna63myn0p3817mr9sqoigt2	false	REMO: Days above 32C - 3°C (for comparison map)
mapbox.mapbox-terrain-dem-v1	ckna63myn0p3817mr9sqoigt2	true	REMO: Days above 32C - 3°C (for comparison map)
mapbox.mapbox-terrain-dem-v1	ckp719noh0kq017kjgnx384vc	false	REMO: Days above 32C - Baseline (for comparison map)
mapbox.mapbox-terrain-dem-v1	ckp719noh0kq017kjgnx384vc	true	REMO: Days above 32C - Baseline (for comparison map)
mapbox.mapbox-terrain-dem-v1	ckr2dva3m63h517pfsfc7l9ra	false	REMO: Days above 26C wetbulb - Baseline (for comparison map -- A Tour of Temperature page -- Singapore center)
mapbox.mapbox-terrain-dem-v1	ckr2dva3m63h517pfsfc7l9ra	true	REMO: Days above 26C wetbulb - Baseline (for comparison map -- A Tour of Temperature page -- Singapore center)
mapbox.mapbox-terrain-dem-v1	ckr2e6thh0gng17lrvxnixthw	false	REMO: Days above 26C wetbulb - 3°C (for comparison map -- A Tour of Temperature page -- Singapore center)
mapbox.mapbox-terrain-dem-v1	ckr2e6thh0gng17lrvxnixthw	true	REMO: Days above 26C wetbulb - 3°C (for comparison map -- A Tour of Temperature page -- Singapore center)
mapbox.mapbox-terrain-dem-v1	ckry0kho855fn18rzkw6si26u	false	REMO: Days above 32C -- For About Maps comparison map (Behind the maps page)
mapbox.mapbox-terrain-dem-v1	ckry0kho855fn18rzkw6si26u	true	REMO: Days above 32C -- For About Maps comparison map (Behind the maps page)
mapbox.mapbox-terrain-dem-v1	cksssq4fb3gwp17p6nslyb46w	false	Days above 38°C (100°F) -- global RCM RegCM-REMO ensemble
mapbox.mapbox-terrain-dem-v1	cksssq4fb3gwp17p6nslyb46w	true	Days above 38°C (100°F) -- global RCM RegCM-REMO ensemble
mapbox.mapbox-terrain-dem-v1	cl0l5mcrm001u14mysbn650hp	false	Change in precipitation "1-in-100 year" storm (for comparison map -- Tour of precipitation page) -- global RCM RegCM-REMO ensemble
mapbox.mapbox-terrain-dem-v1	cl0l5mcrm001u14mysbn650hp	true	Change in precipitation "1-in-100 year" storm (for comparison map -- Tour of precipitation page) -- global RCM RegCM-REMO ensemble
mapbox.mapbox-terrain-dem-v1	cl0l5nckn003r14pfulx4jgl0	false	Change in precipitation "1-in-100 year" storm (for comparison map -- Tour of precipitation page) -- global RCM RegCM-REMO ensemble
mapbox.mapbox-terrain-dem-v1	cl0l5nckn003r14pfulx4jgl0	true	Change in precipitation "1-in-100 year" storm (for comparison map -- Tour of precipitation page) -- global RCM RegCM-REMO ensemble
mapbox.mapbox-terrain-dem-v1	cl56ktc2f000l14l930kj9hcl	false	Change in total annual precipitation -- global RCM RegCM-REMO ensemble -- v1
mapbox.mapbox-terrain-dem-v1	cl56ktc2f000l14l930kj9hcl	true	Change in total annual precipitation -- global RCM RegCM-REMO ensemble -- v1
mapbox.mapbox-terrain-dem-v1	cl589lwuf000814unun1bxaxj	false	Change in dry hot days -- global RCM RegCM-REMO ensemble -- v1
mapbox.mapbox-terrain-dem-v1	cl589lwuf000814unun1bxaxj	true	Change in dry hot days -- global RCM RegCM-REMO ensemble -- v1
mapbox.mapbox-terrain-dem-v1	cl59gpzny00e814llii4s2wlu	false	Average Temperature -- global RCM RegCM-REMO ensemble -- v1
mapbox.mapbox-terrain-dem-v1	cl59gpzny00e814llii4s2wlu	true	Average Temperature -- global RCM RegCM-REMO ensemble -- v1
mapbox.mapbox-terrain-dem-v1	cl59hjp67000u14o5o2wokukw	false	Average daytime temperature -- global RCM RegCM-REMO ensemble -- v1
mapbox.mapbox-terrain-dem-v1	cl59hjp67000u14o5o2wokukw	true	Average daytime temperature -- global RCM RegCM-REMO ensemble -- v1
mapbox.mapbox-terrain-dem-v1	cl59lfhsw004n14n7uivj4q6k	false	10 hottest days -- global RCM RegCM-REMO ensemble -- v1
mapbox.mapbox-terrain-dem-v1	cl59lfhsw004n14n7uivj4q6k	true	10 hottest days -- global RCM RegCM-REMO ensemble -- v1
mapbox.mapbox-terrain-dem-v1	cl59m7jcm001414o1hqf8x68l	false	Days above 32°C (90°F) -- global RCM RegCM-REMO ensemble -- v1
mapbox.mapbox-terrain-dem-v1	cl59m7jcm001414o1hqf8x68l	true	Days above 32°C (90°F) -- global RCM RegCM-REMO ensemble -- v1
mapbox.mapbox-terrain-dem-v1	cl59mxfs9001x14lrn1wdpqbk	false	Days above 35°C (95°F) -- global RCM RegCM-REMO ensemble -- v1
mapbox.mapbox-terrain-dem-v1	cl59mxfs9001x14lrn1wdpqbk	true	Days above 35°C (95°F) -- global RCM RegCM-REMO ensemble -- v1
mapbox.mapbox-terrain-dem-v1	cl59ntt93004o14l9j4j4vrxq	false	Days above 38°C (100°F) -- global RCM RegCM-REMO ensemble -- v1
mapbox.mapbox-terrain-dem-v1	cl59ntt93004o14l9j4j4vrxq	true	Days above 38°C (100°F) -- global RCM RegCM-REMO ensemble -- v1
mapbox.mapbox-terrain-dem-v1	cl59pelwc000014lggv1m6lg2	false	Average nighttime temperature -- global RCM RegCM-REMO ensemble -- v1
mapbox.mapbox-terrain-dem-v1	cl59pelwc000014lggv1m6lg2	true	Average nighttime temperature -- global RCM RegCM-REMO ensemble -- v1
mapbox.mapbox-terrain-dem-v1	cl59y3a8v000714lgpllqj741	false	Frost nights -- global RCM RegCM-REMO ensemble -- v1
mapbox.mapbox-terrain-dem-v1	cl59y3a8v000714lgpllqj741	true	Frost nights -- global RCM RegCM-REMO ensemble -- v1
mapbox.mapbox-terrain-dem-v1	cl59y9eeo000b14k14hh6ca78	false	Nights above 20°C (68°F) -- global RCM RegCM-REMO ensemble -- v1
mapbox.mapbox-terrain-dem-v1	cl59y9eeo000b14k14hh6ca78	true	Nights above 20°C (68°F) -- global RCM RegCM-REMO ensemble -- v1
mapbox.mapbox-terrain-dem-v1	cl59ygl4z000814lgv5kqsdz7	false	Nights above 25°C (77°F) -- global RCM RegCM-REMO ensemble -- v1
mapbox.mapbox-terrain-dem-v1	cl59ygl4z000814lgv5kqsdz7	true	Nights above 25°C (77°F) -- global RCM RegCM-REMO ensemble -- v1
mapbox.mapbox-terrain-dem-v1	cl59ykyfg000c14k1iyl3n2em	false	Freezing days -- global RCM RegCM-REMO ensemble -- v1
mapbox.mapbox-terrain-dem-v1	cl59ykyfg000c14k1iyl3n2em	true	Freezing days -- global RCM RegCM-REMO ensemble -- v1
mapbox.mapbox-terrain-dem-v1	cl5amu6qw000116nvng3b1p55	false	Days above 26°C wet-bulb -- global RCM RegCM-REMO ensemble -- v1
mapbox.mapbox-terrain-dem-v1	cl5amu6qw000116nvng3b1p55	true	Days above 26°C wet-bulb -- global RCM RegCM-REMO ensemble -- v1
mapbox.mapbox-terrain-dem-v1	cl5amzusp000614q9nl0de34p	false	Days above 28°C wet-bulb -- global RCM RegCM-REMO ensemble -- v1
mapbox.mapbox-terrain-dem-v1	cl5amzusp000614q9nl0de34p	true	Days above 28°C wet-bulb -- global RCM RegCM-REMO ensemble -- v1
mapbox.mapbox-terrain-dem-v1	cl5an7fl4000216nv693x0atj	false	Days above 30°C wet-bulb -- global RCM RegCM-REMO ensemble -- v1
mapbox.mapbox-terrain-dem-v1	cl5an7fl4000216nv693x0atj	true	Days above 30°C wet-bulb -- global RCM RegCM-REMO ensemble -- v1
mapbox.mapbox-terrain-dem-v1	cl5anc752002m14ung7uqotzq	false	Days above 32°C wet-bulb -- global RCM RegCM-REMO ensemble -- v1
mapbox.mapbox-terrain-dem-v1	cl5anc752002m14ung7uqotzq	true	Days above 32°C wet-bulb -- global RCM RegCM-REMO ensemble -- v1
mapbox.mapbox-terrain-dem-v1	cl5anh0ke003a14pm9u2g5rdq	false	10 hottest wet-bulb days -- global RCM RegCM-REMO ensemble -- v1
mapbox.mapbox-terrain-dem-v1	cl5anh0ke003a14pm9u2g5rdq	true	10 hottest wet-bulb days -- global RCM RegCM-REMO ensemble -- v1
mapbox.mapbox-terrain-dem-v1	cl5anvbn3000416nvlqq0q625	false	Change in frequency of "1-in-100 year" storm -- global RCM RegCM-REMO ensemble -- v1
mapbox.mapbox-terrain-dem-v1	cl5anvbn3000416nvlqq0q625	true	Change in frequency of "1-in-100 year" storm -- global RCM RegCM-REMO ensemble -- v1
mapbox.mapbox-terrain-dem-v1	cl5ao7geu001z14rzmwumk3do	false	Change in snowy days -- global RCM RegCM-REMO ensemble -- v1
mapbox.mapbox-terrain-dem-v1	cl5ao7geu001z14rzmwumk3do	true	Change in snowy days -- global RCM RegCM-REMO ensemble -- v1
mapbox.mapbox-terrain-dem-v1	cl5aodqou005m14l92iv0mjnc	false	Change in wettest 90 days -- global RCM RegCM-REMO ensemble -- v1
mapbox.mapbox-terrain-dem-v1	cl5aodqou005m14l92iv0mjnc	true	Change in wettest 90 days -- global RCM RegCM-REMO ensemble -- v1
mapbox.mapbox-terrain-dem-v1	cl5apepmb004g14pd1fyy5wdz	false	Days above 32°C (90°F) -- global REMO -- v1
mapbox.mapbox-terrain-dem-v1	cl5apepmb004g14pd1fyy5wdz	true	Days above 32°C (90°F) -- global REMO -- v1
mapbox.mapbox-terrain-dem-v1	cl5avrgpb00an14qpdi77c7b0	false	10 hottest days -- global REMO -- v1
mapbox.mapbox-terrain-dem-v1	cl5avrgpb00an14qpdi77c7b0	true	10 hottest days -- global REMO -- v1
mapbox.mapbox-terrain-dem-v1	cl5awme5i002t14mooj4vv9md	false	Nights above 20°C (68°F) -- global REMO -- v1
mapbox.mapbox-terrain-dem-v1	cl5awme5i002t14mooj4vv9md	true	Nights above 20°C (68°F) -- global REMO -- v1
mapbox.mapbox-terrain-dem-v1	cl5awq2z0002u14mo4rso1wol	false	Nights above 25°C (77°F) -- global REMO -- v1
mapbox.mapbox-terrain-dem-v1	cl5awq2z0002u14mo4rso1wol	true	Nights above 25°C (77°F) -- global REMO -- v1
mapbox.mapbox-terrain-dem-v1	cl5ccqzez003p14o1owby930o	false	Annual likelihood of 6-month extreme drought -- global REMO -- v1
mapbox.mapbox-terrain-dem-v1	cl5ccqzez003p14o1owby930o	true	Annual likelihood of 6-month extreme drought -- global REMO -- v1
mapbox.mapbox-terrain-dem-v1	cl5cfboxp000214pg38v112va	false	Days above 35°C (95°F) -- global REMO -- v1
mapbox.mapbox-terrain-dem-v1	cl5cfboxp000214pg38v112va	true	Days above 35°C (95°F) -- global REMO -- v1
mapbox.mapbox-terrain-dem-v1	cl5cfl67r000115nlqinn4msy	false	Average Temperature -- global REMO -- v1
mapbox.mapbox-terrain-dem-v1	cl5cfl67r000115nlqinn4msy	true	Average Temperature -- global REMO -- v1
mapbox.mapbox-terrain-dem-v1	cl5cfpqmi000414pgtdej8ub6	false	Freezing days -- global REMO -- v1
mapbox.mapbox-terrain-dem-v1	cl5cfpqmi000414pgtdej8ub6	true	Freezing days -- global REMO -- v1
mapbox.mapbox-terrain-dem-v1	cl6kf3j3m003r15lji9052p2h	false	Change in precipitation "1-in-100 year" storm -- global RCM RegCM-REMO ensemble -- v1
mapbox.mapbox-terrain-dem-v1	cl6kf3j3m003r15lji9052p2h	true	Change in precipitation "1-in-100 year" storm -- global RCM RegCM-REMO ensemble -- v1
mapbox.mapbox-terrain-dem-v1	cl7fwv8nf000i14qzu8m50533	false	Likelihood of extreme annual drought - no barren lands -- global REMO -- v1
mapbox.mapbox-terrain-dem-v1	cl7fwv8nf000i14qzu8m50533	true	Likelihood of extreme annual drought - no barren lands -- global REMO -- v1
mapbox.mapbox-terrain-dem-v1	cl7fx17mz000m14o7n64ocrgp	false	Likelihood of no annual drought conditions - no barren lands -- global REMO -- v1
mapbox.mapbox-terrain-dem-v1	cl7fx17mz000m14o7n64ocrgp	true	Likelihood of no annual drought conditions - no barren lands -- global REMO -- v1
mapbox.mapbox-terrain-dem-v1	cl82t4a5z002s14ochl1tq75f	false	Water balance -- global RCM RegCM-REMO ensemble -- v1
mapbox.mapbox-terrain-dem-v1	cl82t4a5z002s14ochl1tq75f	true	Water balance -- global RCM RegCM-REMO ensemble -- v1
mapbox.mapbox-terrain-dem-v1	cl82u2msx003a15lkolpjs18p	false	Climate zones -- global RCM RegCM-REMO ensemble -- v1
mapbox.mapbox-terrain-dem-v1	cl82u2msx003a15lkolpjs18p	true	Climate zones -- global RCM RegCM-REMO ensemble -- v1
mapbox.mapbox-terrain-dem-v1	cl8a0g5rj005p14p5qywg0ugr	false	Likelihood of year-plus extreme drought -- global RCM RegCM-REMO ensemble -- v1
mapbox.mapbox-terrain-dem-v1	cl8a0g5rj005p14p5qywg0ugr	true	Likelihood of year-plus extreme drought -- global RCM RegCM-REMO ensemble -- v1
mapbox.mapbox-terrain-dem-v1	cl8a0lz5c000m14l7ym1k9el4	false	Likelihood of year-plus drought -- global RCM RegCM-REMO ensemble -- v1
mapbox.mapbox-terrain-dem-v1	cl8a0lz5c000m14l7ym1k9el4	true	Likelihood of year-plus drought -- global RCM RegCM-REMO ensemble -- v1
mapbox.mapbox-terrain-dem-v1	cl8a0rh65006414qloma90grc	false	Change in wildfire danger days -- global RCM RegCM-REMO ensemble -- v1
mapbox.mapbox-terrain-dem-v1	cl8a0rh65006414qloma90grc	true	Change in wildfire danger days -- global RCM RegCM-REMO ensemble -- v1
mapbox.mapbox-terrain-dem-v1	cl8abbl6u000515p991u8w8gz	false	Likelihood of year-plus drought (for comparison map -- Tour of drought page -- 3°C -- Sahel) -- global RCM RegCM-REMO ensemble -- v1 
mapbox.mapbox-terrain-dem-v1	cl8abbl6u000515p991u8w8gz	true	Likelihood of year-plus drought (for comparison map -- Tour of drought page -- 3°C -- Sahel) -- global RCM RegCM-REMO ensemble -- v1 
mapbox.mapbox-terrain-dem-v1	cl8abcc3700f014nt64d0e8r8	false	Likelihood of year-plus drought (for comparison map -- Tour of drought page -- 1°C -- Sahel) -- global RCM RegCM-REMO ensemble -- v1
mapbox.mapbox-terrain-dem-v1	cl8abcc3700f014nt64d0e8r8	true	Likelihood of year-plus drought (for comparison map -- Tour of drought page -- 1°C -- Sahel) -- global RCM RegCM-REMO ensemble -- v1
mapbox.mapbox-terrain-dem-v1	cl8abcq6l006d14p5bexzyd1e	false	Likelihood of year-plus drought (for comparison map -- Tour of drought page -- 1°C -- Northern China) -- global RCM RegCM-REMO ensemble -- v1
mapbox.mapbox-terrain-dem-v1	cl8abcq6l006d14p5bexzyd1e	true	Likelihood of year-plus drought (for comparison map -- Tour of drought page -- 1°C -- Northern China) -- global RCM RegCM-REMO ensemble -- v1
mapbox.mapbox-terrain-dem-v1	cl8abdqhl000z15s3vw8ri2qj	false	Likelihood of year-plus drought (for comparison map -- Tour of drought page -- 3°C -- Northern China) -- global RCM RegCM-REMO ensemble -- v1
mapbox.mapbox-terrain-dem-v1	cl8abdqhl000z15s3vw8ri2qj	true	Likelihood of year-plus drought (for comparison map -- Tour of drought page -- 3°C -- Northern China) -- global RCM RegCM-REMO ensemble -- v1
mapbox.mapbox-terrain-dem-v1	cl8abf4zf000s15tbodpkr02e	false	Likelihood of year-plus drought (for comparison map -- Tour of drought page -- 3°C -- Perth, Australia) -- global RCM RegCM-REMO ensemble -- v1 
mapbox.mapbox-terrain-dem-v1	cl8abf4zf000s15tbodpkr02e	true	Likelihood of year-plus drought (for comparison map -- Tour of drought page -- 3°C -- Perth, Australia) -- global RCM RegCM-REMO ensemble -- v1 
mapbox.mapbox-terrain-dem-v1	cl8abfkvu006e14p5167n3wwz	false	Likelihood of year-plus drought (for comparison map -- Tour of drought page -- 1°C -- Perth, Australia) -- global RCM RegCM-REMO ensemble -- v1
mapbox.mapbox-terrain-dem-v1	cl8abfkvu006e14p5167n3wwz	true	Likelihood of year-plus drought (for comparison map -- Tour of drought page -- 1°C -- Perth, Australia) -- global RCM RegCM-REMO ensemble -- v1
mapbox.mapbox-terrain-dem-v1	clbox5eve000f14qrbn92ois5	false	GCM: Number of Days above 32°C (90°F) -- For About Maps comparison map (Behind the maps page) -- v1
mapbox.mapbox-terrain-dem-v1	clbox5eve000f14qrbn92ois5	true	GCM: Number of Days above 32°C (90°F) -- For About Maps comparison map (Behind the maps page) -- v1
mapbox.mapbox-terrain-dem-v1	clboxnlb4002e14n5rcbf9ocb	false	REMO: Days above 32C -- For About Maps comparison map (Behind the maps page)-copy
mapbox.mapbox-terrain-dem-v1	clboxnlb4002e14n5rcbf9ocb	true	REMO: Days above 32C -- For About Maps comparison map (Behind the maps page)-copy
mapbox.mapbox-terrain-dem-v1	cldu7iyay001901pl0q2v96w9	false	Days above 32°C (90°F) -- v2
mapbox.mapbox-terrain-dem-v1	cldu7iyay001901pl0q2v96w9	true	Days above 32°C (90°F) -- v2
mapbox.mapbox-terrain-dem-v1	cle5ethd3000x01qtrgko6fmv	false	Average Temperature -- v2
mapbox.mapbox-terrain-dem-v1	cle5ethd3000x01qtrgko6fmv	true	Average Temperature -- v2
mapbox.mapbox-terrain-dem-v1	cle5fqrhd002q01qmcd7rk940	false	Average daytime temperature -- v2
mapbox.mapbox-terrain-dem-v1	cle5fqrhd002q01qmcd7rk940	true	Average daytime temperature -- v2
mapbox.mapbox-terrain-dem-v1	cle5gr70l000m01o399u73k8y	false	10 hottest days -- v2
mapbox.mapbox-terrain-dem-v1	cle5gr70l000m01o399u73k8y	true	10 hottest days -- v2
mapbox.mapbox-terrain-dem-v1	cle5i7fwp003c01qgbsqmg1tj	false	Days above 35°C (95°F) -- v2
mapbox.mapbox-terrain-dem-v1	cle5i7fwp003c01qgbsqmg1tj	true	Days above 35°C (95°F) -- v2
mapbox.mapbox-terrain-dem-v1	cle5ik4xw001401qtmx3iupap	false	Days above 38°C (100°F) -- v2
mapbox.mapbox-terrain-dem-v1	cle5ik4xw001401qtmx3iupap	true	Days above 38°C (100°F) -- v2
mapbox.mapbox-terrain-dem-v1	cle5iyoyr001k01q9lzpcqhoh	false	Average nighttime temperature -- v2
mapbox.mapbox-terrain-dem-v1	cle5iyoyr001k01q9lzpcqhoh	true	Average nighttime temperature -- v2
mapbox.mapbox-terrain-dem-v1	cle5kmbpx001301ldiwi6k739	false	Frost nights -- v2
mapbox.mapbox-terrain-dem-v1	cle5kmbpx001301ldiwi6k739	true	Frost nights -- v2
mapbox.mapbox-terrain-dem-v1	cle5l2sbs007y01tes0li5a2z	false	Nights above 20°C (68°F) -- v2
mapbox.mapbox-terrain-dem-v1	cle5l2sbs007y01tes0li5a2z	true	Nights above 20°C (68°F) -- v2
mapbox.mapbox-terrain-dem-v1	cle5lfg8b006b01mt7dgi3k65	false	Nights above 25°C (77°F) -- v2
mapbox.mapbox-terrain-dem-v1	cle5lfg8b006b01mt7dgi3k65	true	Nights above 25°C (77°F) -- v2
mapbox.mapbox-terrain-dem-v1	cle5lx0y8003401noyf3pnggm	false	Freezing days -- v2
mapbox.mapbox-terrain-dem-v1	cle5lx0y8003401noyf3pnggm	true	Freezing days -- v2
mapbox.mapbox-terrain-dem-v1	cle5pyznm003j01qmrmk88o4c	false	Days above 26°C wet-bulb -- v2
mapbox.mapbox-terrain-dem-v1	cle5pyznm003j01qmrmk88o4c	true	Days above 26°C wet-bulb -- v2
mapbox.mapbox-terrain-dem-v1	cle8k0wbj003e01lnanhdzzv4	false	Days above 28°C wet-bulb -- v2
mapbox.mapbox-terrain-dem-v1	cle8k0wbj003e01lnanhdzzv4	true	Days above 28°C wet-bulb -- v2
mapbox.mapbox-terrain-dem-v1	cle8k6mxy001401nzqjb2i47s	false	Days above 30°C wet-bulb -- v2
mapbox.mapbox-terrain-dem-v1	cle8k6mxy001401nzqjb2i47s	true	Days above 30°C wet-bulb -- v2
mapbox.mapbox-terrain-dem-v1	cle8kep4j007q01qm7mlwazow	false	Days above 32°C wet-bulb -- v2
mapbox.mapbox-terrain-dem-v1	cle8kep4j007q01qm7mlwazow	true	Days above 32°C wet-bulb -- v2
mapbox.mapbox-terrain-dem-v1	cle8kk10600cp01te0c5ggrkz	false	10 hottest wet-bulb days -- v2
mapbox.mapbox-terrain-dem-v1	cle8kk10600cp01te0c5ggrkz	true	10 hottest wet-bulb days -- v2
mapbox.mapbox-terrain-dem-v1	clg417c2r002e01qp5hdn21pl	false	Average Temperature -- v2-copy
mapbox.mapbox-terrain-dem-v1	clg417c2r002e01qp5hdn21pl	true	Average Temperature -- v2-copy
mapbox.mapbox-terrain-dem-v1	clguxgc01001c01pfe4hm2i78	false	Average Temperature -- v2-copy-copy
mapbox.mapbox-terrain-dem-v1	clguxgc01001c01pfe4hm2i78	true	Average Temperature -- v2-copy-copy
mapbox.mapbox-terrain-dem-v1	clguz0sqm009c01pb2t6oh2rr	false	Average Temperature -- v2-copy-copy
mapbox.mapbox-terrain-dem-v1	clguz0sqm009c01pb2t6oh2rr	true	Average Temperature -- v2-copy-copy
mapbox.mapbox-terrain-dem-v1	clh6ey7in001g01qvhduy01gz	false	Average Temperature -- v2-copy-copy atmosphere playground 2-copy
mapbox.mapbox-terrain-dem-v1	clh6ey7in001g01qvhduy01gz	true	Average Temperature -- v2-copy-copy atmosphere playground 2-copy
mapbox.mapbox-terrain-dem-v1	clh6f2g6w009g01qjaumx61cn	false	Globe option: Brand black space, globe illos gray low atmos -- Average Temperature -- v2-copy
mapbox.mapbox-terrain-dem-v1	clh6f2g6w009g01qjaumx61cn	true	Globe option: Brand black space, globe illos gray low atmos -- Average Temperature -- v2-copy
mapbox.mapbox-terrain-dem-v1	clh6f6fzf009j01qjg5zw8pcm	false	Globe option: Zero-bin gray space, globe illos gray low atmos -- Average Temperature -- v2-copy-copy
mapbox.mapbox-terrain-dem-v1	clh6f6fzf009j01qjg5zw8pcm	true	Globe option: Zero-bin gray space, globe illos gray low atmos -- Average Temperature -- v2-copy-copy
mapbox.mapbox-terrain-dem-v1	clh6f81j001gt01paa1e54jea	false	Globe option: Brand black space and atmos -- Average Temperature -- v2-copy
mapbox.mapbox-terrain-dem-v1	clh6f81j001gt01paa1e54jea	true	Globe option: Brand black space and atmos -- Average Temperature -- v2-copy
mapbox.mapbox-terrain-dem-v1	clh6fhdag01ff01p85ckp2lyo	false	Globe option: Globe-illos gray space and both atmos -- Average Temperature -- v2-copy
mapbox.mapbox-terrain-dem-v1	clh6fhdag01ff01p85ckp2lyo	true	Globe option: Globe-illos gray space and both atmos -- Average Temperature -- v2-copy
mapbox.mapbox-terrain-dem-v1	clhufmhfn023y01pn976z0gws	false	Change in total annual precipitation -- v3
mapbox.mapbox-terrain-dem-v1	clhufmhfn023y01pn976z0gws	true	Change in total annual precipitation -- v3
mapbox.mapbox-terrain-dem-v1	clhuooyb7004n01qu85kh24fo	false	Change in dry hot days -- v3
mapbox.mapbox-terrain-dem-v1	clhuooyb7004n01qu85kh24fo	true	Change in dry hot days -- v3
mapbox.mapbox-terrain-dem-v1	clhuot8cr024o01pnfdqf710x	false	Change in frequency of "1-in-100 year" storm -- v3
mapbox.mapbox-terrain-dem-v1	clhuot8cr024o01pnfdqf710x	true	Change in frequency of "1-in-100 year" storm -- v3
mapbox.mapbox-terrain-dem-v1	clhyiscjx028w01qu7vim9cml	false	Change in precipitation "1-in-100 year" storm -- v3
mapbox.mapbox-terrain-dem-v1	clhyiscjx028w01qu7vim9cml	true	Change in precipitation "1-in-100 year" storm -- v3
mapbox.mapbox-terrain-dem-v1	clhyixhg0028y01qu89iu8e2l	false	Change in snowy days -- v3
mapbox.mapbox-terrain-dem-v1	clhyixhg0028y01qu89iu8e2l	true	Change in snowy days -- v3
mapbox.mapbox-terrain-dem-v1	clhyj2rj6027601pr6h68953d	false	Change in wettest 90 days -- v3
mapbox.mapbox-terrain-dem-v1	clhyj2rj6027601pr6h68953d	true	Change in wettest 90 days -- v3
mapbox.mapbox-terrain-dem-v1	clhyqgvkg004i01obb8pm9zto	false	Average Temperature -- v3
mapbox.mapbox-terrain-dem-v1	clhyqgvkg004i01obb8pm9zto	true	Average Temperature -- v3
mapbox.mapbox-terrain-dem-v1	clhyqxusn00aq01qseqtc3om9	false	Average daytime temperature -- v3
mapbox.mapbox-terrain-dem-v1	clhyqxusn00aq01qseqtc3om9	true	Average daytime temperature -- v3
mapbox.mapbox-terrain-dem-v1	clhyr2h5b025l01r0f0xa9kzb	false	10 hottest days -- v3
mapbox.mapbox-terrain-dem-v1	clhyr2h5b025l01r0f0xa9kzb	true	10 hottest days -- v3
mapbox.mapbox-terrain-dem-v1	clhyr76qr028501pr9vjx9a1d	false	Days above 32°C (90°F) -- v3
mapbox.mapbox-terrain-dem-v1	clhyr76qr028501pr9vjx9a1d	true	Days above 32°C (90°F) -- v3
mapbox.mapbox-terrain-dem-v1	clhyrro7r028j01quaigo1l8g	false	Days above 35°C (95°F) -- v3
mapbox.mapbox-terrain-dem-v1	clhyrro7r028j01quaigo1l8g	true	Days above 35°C (95°F) -- v3
mapbox.mapbox-terrain-dem-v1	clhyrwhlt02ae01qu6uojdjhx	false	Days above 38°C (100°F) -- v3
mapbox.mapbox-terrain-dem-v1	clhyrwhlt02ae01qu6uojdjhx	true	Days above 38°C (100°F) -- v3
mapbox.mapbox-terrain-dem-v1	clhzyf384028601r0br6g94y6	false	Average nighttime temperature -- v3
mapbox.mapbox-terrain-dem-v1	clhzyf384028601r0br6g94y6	true	Average nighttime temperature -- v3
mapbox.mapbox-terrain-dem-v1	clhzykaon02ar01qu0iah4r6c	false	Frost nights -- v3
mapbox.mapbox-terrain-dem-v1	clhzykaon02ar01qu0iah4r6c	true	Frost nights -- v3
mapbox.mapbox-terrain-dem-v1	clhzypp66028901r05kixdepa	false	Nights above 20°C (68°F) -- v3
mapbox.mapbox-terrain-dem-v1	clhzypp66028901r05kixdepa	true	Nights above 20°C (68°F) -- v3
mapbox.mapbox-terrain-dem-v1	clhzyvdlw02dm01qydo7s7fmb	false	Nights above 25°C (77°F) -- v3
mapbox.mapbox-terrain-dem-v1	clhzyvdlw02dm01qydo7s7fmb	true	Nights above 25°C (77°F) -- v3
mapbox.mapbox-terrain-dem-v1	clhzz2hvl02as01quh2kqdao4	false	Freezing days -- v3
mapbox.mapbox-terrain-dem-v1	clhzz2hvl02as01quh2kqdao4	true	Freezing days -- v3
mapbox.mapbox-terrain-dem-v1	clhzzu7r2028d01r01jasa97q	false	Days above 26°C wet-bulb -- v3
mapbox.mapbox-terrain-dem-v1	clhzzu7r2028d01r01jasa97q	true	Days above 26°C wet-bulb -- v3
mapbox.mapbox-terrain-dem-v1	clhzzzbze000k01r1h9m1cql6	false	Days above 28°C wet-bulb -- v3
mapbox.mapbox-terrain-dem-v1	clhzzzbze000k01r1h9m1cql6	true	Days above 28°C wet-bulb -- v3
mapbox.mapbox-terrain-dem-v1	cli004t7p02av01quclg5aoqe	false	Days above 30°C wet-bulb -- v3
mapbox.mapbox-terrain-dem-v1	cli004t7p02av01quclg5aoqe	true	Days above 30°C wet-bulb -- v3
mapbox.mapbox-terrain-dem-v1	cli00aegl02cf01pn98g44e3e	false	Days above 32°C wet-bulb -- v3
mapbox.mapbox-terrain-dem-v1	cli00aegl02cf01pn98g44e3e	true	Days above 32°C wet-bulb -- v3
mapbox.mapbox-terrain-dem-v1	cli00g7pj00f501pn7ox1hz7b	false	10 hottest wet-bulb days -- v3
mapbox.mapbox-terrain-dem-v1	cli00g7pj00f501pn7ox1hz7b	true	10 hottest wet-bulb days -- v3
mapbox.mapbox-terrain-dem-v1	cli07tazp02d901pn5jjj5tvn	false	Water balance -- v3
mapbox.mapbox-terrain-dem-v1	cli07tazp02d901pn5jjj5tvn	true	Water balance -- v3
mapbox.mapbox-terrain-dem-v1	cli07z7bu02fm01pg4vqk9ukg	false	Change in wildfire danger days -- v3
mapbox.mapbox-terrain-dem-v1	cli07z7bu02fm01pg4vqk9ukg	true	Change in wildfire danger days -- v3
mapbox.mapbox-terrain-dem-v1	cli4ctifx02hx01r03gfygf6f	false	Likelihood of year-plus extreme drought -- v3
mapbox.mapbox-terrain-dem-v1	cli4ctifx02hx01r03gfygf6f	true	Likelihood of year-plus extreme drought -- v3
mapbox.mapbox-terrain-dem-v1	cli4cyaez00oo01pn4twydvb7	false	Likelihood of year-plus drought -- v3
mapbox.mapbox-terrain-dem-v1	cli4cyaez00oo01pn4twydvb7	true	Likelihood of year-plus drought -- v3
mapbox.mapbox-terrain-dem-v1	clk00bkc200re01nm7s2o1dqt	false	Change in total annual precipitation -- v3-copy
mapbox.mapbox-terrain-dem-v1	clk00bkc200re01nm7s2o1dqt	true	Change in total annual precipitation -- v3-copy
mapbox.mapbox-terrain-dem-v1	clk00cgal00rz01nsereoc136	false	Likelihood of year-plus drought -- v3-copy
mapbox.mapbox-terrain-dem-v1	clk00cgal00rz01nsereoc136	true	Likelihood of year-plus drought -- v3-copy
mapbox.mapbox-terrain-dem-v1	clk00czhr00sz01qvcdo0cfws	false	Change in snowy days -- v3-copy
mapbox.mapbox-terrain-dem-v1	clk00czhr00sz01qvcdo0cfws	true	Change in snowy days -- v3-copy
mapbox.mapbox-terrain-dem-v1	clnbsx0xv03lv01pb5b2kbjau	false	Climate zones -- v3
mapbox.mapbox-terrain-dem-v1	clnbsx0xv03lv01pb5b2kbjau	true	Climate zones -- v3
mapbox.mapbox-terrain-dem-v1	clo8j3xby00x601qm5swhfhif	false	Likelihood of daytime heat wave -- v3
mapbox.mapbox-terrain-dem-v1	clo8j3xby00x601qm5swhfhif	true	Likelihood of daytime heat wave -- v3
mapbox.mapbox-terrain-dem-v1	clogysogp008b01qqg4bfgumv	false	Likelihood of nighttime heat wave -- v3
mapbox.mapbox-terrain-dem-v1	clogysogp008b01qqg4bfgumv	true	Likelihood of nighttime heat wave -- v3
mapbox.mapbox-terrain-dem-v1	clr4pe2k400ds01p56a6jc3en	false	Days above 45°C (113°F) -- v3
mapbox.mapbox-terrain-dem-v1	clr4pe2k400ds01p56a6jc3en	true	Days above 45°C (113°F) -- v3
mapbox.mapbox-terrain-dem-v1	clrjfvn2900oi01pe6lzhesid	false	10 hottest nights -- v3
mapbox.mapbox-terrain-dem-v1	clrjfvn2900oi01pe6lzhesid	true	10 hottest nights -- v3
mapbox.mapbox-terrain-dem-v1	cltx1yoqo00eb01qwcebs7d3z	false	Average winter temperatures -- v3
mapbox.mapbox-terrain-dem-v1	cltx1yoqo00eb01qwcebs7d3z	true	Average winter temperatures -- v3
mapbox.mapbox-terrain-dem-v1	clyx4j534009o01p63e0x7rb5	false	Three hottest days - consecutive, ensemble maxmin -- v3
mapbox.mapbox-terrain-dem-v1	clyx4j534009o01p63e0x7rb5	true	Three hottest days - consecutive, ensemble maxmin -- v3
mapbox.mapbox-terrain-dem-v1	clyx4nsgr009s01pf0fn0487n	false	Three coldest days - consecutive, ensemble maxmin -- v3
mapbox.mapbox-terrain-dem-v1	clyx4nsgr009s01pf0fn0487n	true	Three coldest days - consecutive, ensemble maxmin -- v3
mapbox.mapbox-terrain-dem-v1	cmh7ltrj0004001r21ixsfwtj	false	Days above 32°C (90°F) -- v3-m-m
mapbox.mapbox-terrain-dem-v1	cmh7ltrj0004001r21ixsfwtj	true	Days above 32°C (90°F) -- v3-m-m
mapbox.mapbox-terrain-dem-v1	cmhjg1ml100e501r82bnv4e0j	false	Average Temperature -- v3-m-m
mapbox.mapbox-terrain-dem-v1	cmhjg1ml100e501r82bnv4e0j	true	Average Temperature -- v3-m-m
mapbox.mapbox-terrain-dem-v1	cmhjgd8wb00e201r68kkfa2n2	false	Freezing days -- v3-m-m
mapbox.mapbox-terrain-dem-v1	cmhjgd8wb00e201r68kkfa2n2	true	Freezing days -- v3-m-m
mapbox.mapbox-terrain-dem-v1	cmhjh9x7r00eg01rgfljbfahr	false	Change in total annual precipitation -- v3-m-m
mapbox.mapbox-terrain-dem-v1	cmhjh9x7r00eg01rgfljbfahr	true	Change in total annual precipitation -- v3-m-m
mapbox.mapbox-terrain-dem-v1	cmhjhmvqn000101rcfwen1bjh	false	Change in wildfire danger days -- v3-m-m
mapbox.mapbox-terrain-dem-v1	cmhjhmvqn000101rcfwen1bjh	true	Change in wildfire danger days -- v3-m-m
mapbox.mapbox-terrain-dem-v1	cmo1cw51200yi01se5gcuewdd	false	Days above 35°C (95°F) -- v3
mapbox.mapbox-terrain-dem-v1	cmo1cw51200yi01se5gcuewdd	true	Days above 35°C (95°F) -- v3
mapbox.mapbox-terrain-dem-v1	cmo1fys0r006p01qw2e6ibvhv	false	Days above 35°C (95°F) -- v3
mapbox.mapbox-terrain-dem-v1	cmo1fys0r006p01qw2e6ibvhv	true	Days above 35°C (95°F) -- v3
mapbox.mapbox-terrain-dem-v1	cmo759jfm000s01sfgtlr1s6z	false	zoom1-style
mapbox.mapbox-terrain-dem-v1	cmo759jfm000s01sfgtlr1s6z	true	zoom1-style
mapbox.mapbox-terrain-dem-v1	cmp3tkbqx000g01s9e7zlaoc1	false	Days above 50°C (122°F) -- v3
mapbox.mapbox-terrain-dem-v1	cmp3tkbqx000g01s9e7zlaoc1	true	Days above 50°C (122°F) -- v3
mapbox.mapbox-terrain-dem-v1	cmseu7fvp00gq01s8e3ev2e73	false	Days above 35°C (95°F) -- v3
mapbox.mapbox-terrain-dem-v1	cmseu7fvp00gq01s8e3ev2e73	true	Days above 35°C (95°F) -- v3
mapbox.mapbox-terrain-dem-v1	cmsnf627o014x01sd6wnoa5bl	false	40105 hi-res -- v4
mapbox.mapbox-terrain-dem-v1	cmsnf627o014x01sd6wnoa5bl	true	40105 hi-res -- v4
mapbox.mapbox-terrain-dem-v1	cmsnfh05p014z01sd8jdoczi6	false	40104 hi-res -- v4
mapbox.mapbox-terrain-dem-v1	cmsnfh05p014z01sd8jdoczi6	true	40104 hi-res -- v4
mapbox.mapbox-terrain-dem-v1	cmsnfp9q0015201sd9o0l24d1	false	40101 hi-res -- v4
mapbox.mapbox-terrain-dem-v1	cmsnfp9q0015201sd9o0l24d1	true	40101 hi-res -- v4
mapbox.mapbox-terrain-dem-v1	cmsnfxyp5011i01s9f1a45sfs	false	40202 hi-res -- v4
mapbox.mapbox-terrain-dem-v1	cmsnfxyp5011i01s9f1a45sfs	true	40202 hi-res -- v4
mapbox.mapbox-terrain-dem-v1	cmsng66e4015401sdbfy9ecwe	false	40206 hi-res -- v4
mapbox.mapbox-terrain-dem-v1	cmsng66e4015401sdbfy9ecwe	true	40206 hi-res -- v4
mapbox.mapbox-terrain-dem-v1	cmsngflyi010c01sf2jfc8xkc	false	40301 hi-res -- v4
mapbox.mapbox-terrain-dem-v1	cmsngflyi010c01sf2jfc8xkc	true	40301 hi-res -- v4
mapbox.mapbox-terrain-dem-v1	cmsngnqdm012r01s80xrw7a1s	false	40302 hi-res -- v4
mapbox.mapbox-terrain-dem-v1	cmsngnqdm012r01s80xrw7a1s	true	40302 hi-res -- v4
mapbox.mapbox-terrain-dem-v1	cmsngxa0q00rc01sa9dsv3k63	false	40601 hi-res -- v4
mapbox.mapbox-terrain-dem-v1	cmsngxa0q00rc01sa9dsv3k63	true	40601 hi-res -- v4
mapbox.mapbox-terrain-dem-v1	cmsnh6k9500rh01sad4kp9g5q	false	40614 hi-res -- v4
mapbox.mapbox-terrain-dem-v1	cmsnh6k9500rh01sad4kp9g5q	true	40614 hi-res -- v4
mapbox.mapbox-terrain-dem-v1	cmsnhhytv012z01s81kx1gbcy	false	40702 hi-res -- v4
mapbox.mapbox-terrain-dem-v1	cmsnhhytv012z01s81kx1gbcy	true	40702 hi-res -- v4
mapbox.mapbox-terrain-dem-v1	cmsxpxig0006j01qya4zo4eyx	false	40105 diff -- v4
mapbox.mapbox-terrain-dem-v1	cmsxpxig0006j01qya4zo4eyx	true	40105 diff -- v4
mapbox.mapbox-terrain-dem-v1	cmsyfqhxj00ad01se70pc8m8q	false	40102 hi-res -- v4
mapbox.mapbox-terrain-dem-v1	cmsyfqhxj00ad01se70pc8m8q	true	40102 hi-res -- v4
mapbox.mapbox-terrain-dem-v1	cmsyg48fd00af01see49gcigg	false	40103 hi-res -- v4
mapbox.mapbox-terrain-dem-v1	cmsyg48fd00af01see49gcigg	true	40103 hi-res -- v4
mapbox.mapbox-terrain-dem-v1	cmsygf86z007u01sa0jon8wxs	false	40106 hi-res -- v4
mapbox.mapbox-terrain-dem-v1	cmsygf86z007u01sa0jon8wxs	true	40106 hi-res -- v4
mapbox.mapbox-terrain-dem-v1	cmsygqx83005s01r078168l3j	false	40107 hi-res -- v4
mapbox.mapbox-terrain-dem-v1	cmsygqx83005s01r078168l3j	true	40107 hi-res -- v4
mapbox.mapbox-terrain-dem-v1	cmsyhd327005t01r01dni5ach	false	40204 hi-res -- v4
mapbox.mapbox-terrain-dem-v1	cmsyhd327005t01r01dni5ach	true	40204 hi-res -- v4
mapbox.mapbox-terrain-dem-v1	cmsyhr0lh002c01qx7s6c6yni	false	40205 hi-res -- v4
mapbox.mapbox-terrain-dem-v1	cmsyhr0lh002c01qx7s6c6yni	true	40205 hi-res -- v4
mapbox.mapbox-terrain-dem-v1	cmsyi7f4x00ap01se4izd2q4w	false	40207 hi-res -- v4
mapbox.mapbox-terrain-dem-v1	cmsyi7f4x00ap01se4izd2q4w	true	40207 hi-res -- v4
mapbox.mapbox-terrain-dem-v1	cmsyinukc007p01qy7kgpbmb2	false	40303 hi-res -- v4
mapbox.mapbox-terrain-dem-v1	cmsyinukc007p01qy7kgpbmb2	true	40303 hi-res -- v4
mapbox.mapbox-terrain-dem-v1	cmsyj3x2w00at01sea2bqctui	false	40304 hi-res -- v4
mapbox.mapbox-terrain-dem-v1	cmsyj3x2w00at01sea2bqctui	true	40304 hi-res -- v4
mapbox.mapbox-terrain-dem-v1	cmsyji2xv007u01qy5wvb92c0	false	40701 hi-res -- v4
mapbox.mapbox-terrain-dem-v1	cmsyji2xv007u01qy5wvb92c0	true	40701 hi-res -- v4
mapbox.mapbox-terrain-dem-v1	cmsykth82009v01sd45krfjur	false	40201 hi-res -- v4
mapbox.mapbox-terrain-dem-v1	cmsykth82009v01sd45krfjur	true	40201 hi-res -- v4
mapbox.mapbox-terrain-dem-v1	cmsyl76bu009x01sdh15i6a9m	false	40203 hi-res -- v4
mapbox.mapbox-terrain-dem-v1	cmsyl76bu009x01sdh15i6a9m	true	40203 hi-res -- v4
mapbox.mapbox-terrain-dem-v1	cmszwsyju00a301qy7ut1a713	false	40101 diff -- v4
mapbox.mapbox-terrain-dem-v1	cmszwsyju00a301qy7ut1a713	true	40101 diff -- v4
mapbox.mapbox-terrain-dem-v1	cmszx1mop00e601se16l16u0x	false	40104 diff -- v4
mapbox.mapbox-terrain-dem-v1	cmszx1mop00e601se16l16u0x	true	40104 diff -- v4
mapbox.mapbox-terrain-dem-v1	cmszx92pa00e801seg2w880qd	false	40206 diff -- v4
mapbox.mapbox-terrain-dem-v1	cmszx92pa00e801seg2w880qd	true	40206 diff -- v4
mapbox.mapbox-terrain-dem-v1	cmszxjf6o00c301sd5g7p5oe8	false	40301 diff -- v4
mapbox.mapbox-terrain-dem-v1	cmszxjf6o00c301sd5g7p5oe8	true	40301 diff -- v4
mapbox.mapbox-terrain-dem-v1	cmszxw8lq00af01sa1chs7ogl	false	40302 diff -- v4
mapbox.mapbox-terrain-dem-v1	cmszxw8lq00af01sa1chs7ogl	true	40302 diff -- v4
mapbox.mapbox-terrain-dem-v1	cmszy8x6w00ed01se66tnf7gk	false	40601 diff -- v4
mapbox.mapbox-terrain-dem-v1	cmszy8x6w00ed01se66tnf7gk	true	40601 diff -- v4
mapbox.mapbox-terrain-dem-v1	cmszyls2c00c901sdfiaa23ux	false	40614 diff -- v4
mapbox.mapbox-terrain-dem-v1	cmszyls2c00c901sdfiaa23ux	true	40614 diff -- v4
mapbox.mapbox-terrain-dem-v1	cmszywa1300aj01sa7y2v8s50	false	40702 diff -- v4
mapbox.mapbox-terrain-dem-v1	cmszywa1300aj01sa7y2v8s50	true	40702 diff -- v4
mapbox.mapbox-terrain-dem-v1	cmt02f1f000ew01seczxx74zo	false	40102 diff -- v4
mapbox.mapbox-terrain-dem-v1	cmt02f1f000ew01seczxx74zo	true	40102 diff -- v4
mapbox.mapbox-terrain-dem-v1	cmt02nc1o00ex01se3pnjephc	false	40103 diff -- v4
mapbox.mapbox-terrain-dem-v1	cmt02nc1o00ex01se3pnjephc	true	40103 diff -- v4
mapbox.mapbox-terrain-dem-v1	cmt02wt2i00cn01sd2inu3c8d	false	40106 diff -- v4
mapbox.mapbox-terrain-dem-v1	cmt02wt2i00cn01sd2inu3c8d	true	40106 diff -- v4
mapbox.mapbox-terrain-dem-v1	cmt0367vu003201qxayfw2h09	false	40107 diff -- v4
mapbox.mapbox-terrain-dem-v1	cmt0367vu003201qxayfw2h09	true	40107 diff -- v4
mapbox.mapbox-terrain-dem-v1	cmt04k6wt000101sgejh5d5q3	false	40201 diff -- v4
mapbox.mapbox-terrain-dem-v1	cmt04k6wt000101sgejh5d5q3	true	40201 diff -- v4
mapbox.mapbox-terrain-dem-v1	cmt04ti30000101shhved57po	false	40203 diff -- v4
mapbox.mapbox-terrain-dem-v1	cmt04ti30000101shhved57po	true	40203 diff -- v4
mapbox.mapbox-terrain-dem-v1	cmt053f73000301scc0ei0vg2	false	40204 diff -- v4
mapbox.mapbox-terrain-dem-v1	cmt053f73000301scc0ei0vg2	true	40204 diff -- v4
mapbox.mapbox-terrain-dem-v1	cmt05cw1k000501sc5oi14hr3	false	40205 diff -- v4
mapbox.mapbox-terrain-dem-v1	cmt05cw1k000501sc5oi14hr3	true	40205 diff -- v4
mapbox.mapbox-terrain-dem-v1	cmt05nvw8000601sccu5hfzxo	false	40207 diff -- v4
mapbox.mapbox-terrain-dem-v1	cmt05nvw8000601sccu5hfzxo	true	40207 diff -- v4
mapbox.mapbox-terrain-dem-v1	cmt05whxc000501qz3uuvd395	false	40303 diff -- v4
mapbox.mapbox-terrain-dem-v1	cmt05whxc000501qz3uuvd395	true	40303 diff -- v4
mapbox.mapbox-terrain-dem-v1	cmt0684aw000a01scaoedg1s7	false	40304 diff -- v4
mapbox.mapbox-terrain-dem-v1	cmt0684aw000a01scaoedg1s7	true	40304 diff -- v4
mapbox.mapbox-terrain-dem-v1	cmt06ia7j000f01sg5dlafrsa	false	40701 diff -- v4
mapbox.mapbox-terrain-dem-v1	cmt06ia7j000f01sg5dlafrsa	true	40701 diff -- v4
mapbox.mapbox-terrain-dem-v1	cmt9xkbyx00h101sc8h6181fx	false	40616 diff -- v4
mapbox.mapbox-terrain-dem-v1	cmt9xkbyx00h101sc8h6181fx	true	40616 diff -- v4
mapbox.mapbox-terrain-dem-v1	cmt9xtrqx00gw01qzdyyqcony	false	40703 diff -- v4
mapbox.mapbox-terrain-dem-v1	cmt9xtrqx00gw01qzdyyqcony	true	40703 diff -- v4
mapbox.mapbox-terrain-dem-v1	cmta2gxfu00hm01sccbosar3m	false	40616 hi-res -- v4
mapbox.mapbox-terrain-dem-v1	cmta2gxfu00hm01sccbosar3m	true	40616 hi-res -- v4
mapbox.mapbox-terrain-dem-v1	cmta3o9u3003201qq8ndbdz8a	false	40703 hi-res -- v4
mapbox.mapbox-terrain-dem-v1	cmta3o9u3003201qq8ndbdz8a	true	40703 hi-res -- v4
mapbox.mapbox-terrain-dem-v1	cmtam709s00in01qzcm5o6mcn	false	40105 era5 -- v4
mapbox.mapbox-terrain-dem-v1	cmtam709s00in01qzcm5o6mcn	true	40105 era5 -- v4
mapbox.mapbox-terrain-dem-v1	cmtcrugjb001n01sg4p607m14	false	40101 era5 -- v4
mapbox.mapbox-terrain-dem-v1	cmtcrugjb001n01sg4p607m14	true	40101 era5 -- v4
mapbox.mapbox-terrain-dem-v1	cmtcryewv001l01s1b91ndn7k	false	40102 era5 -- v4
mapbox.mapbox-terrain-dem-v1	cmtcryewv001l01s1b91ndn7k	true	40102 era5 -- v4
mapbox.mapbox-terrain-dem-v1	cmtcs3pw0001b01qu3xux7sqq	false	40103 era5 -- v4
mapbox.mapbox-terrain-dem-v1	cmtcs3pw0001b01qu3xux7sqq	true	40103 era5 -- v4
mapbox.mapbox-terrain-dem-v1	cmtcs7ezr001c01qu6d4ia0ea	false	40104 era5 -- v4
mapbox.mapbox-terrain-dem-v1	cmtcs7ezr001c01qu6d4ia0ea	true	40104 era5 -- v4
mapbox.mapbox-terrain-dem-v1	cmtcsba3k001r01sggi5vc2ou	false	40106 era5 -- v4
mapbox.mapbox-terrain-dem-v1	cmtcsba3k001r01sggi5vc2ou	true	40106 era5 -- v4
mapbox.mapbox-terrain-dem-v1	cmtcsgodl001e01qu0ri38mpw	false	40107 era5 -- v4
mapbox.mapbox-terrain-dem-v1	cmtcsgodl001e01qu0ri38mpw	true	40107 era5 -- v4
mapbox.mapbox-terrain-dem-v1	cmtcsmg04001r01pcegincba6	false	40201 era5 -- v4
mapbox.mapbox-terrain-dem-v1	cmtcsmg04001r01pcegincba6	true	40201 era5 -- v4
mapbox.mapbox-terrain-dem-v1	cmtcsrfpn001o01s13mxheptn	false	40202 era5 -- v4
mapbox.mapbox-terrain-dem-v1	cmtcsrfpn001o01s13mxheptn	true	40202 era5 -- v4
mapbox.mapbox-terrain-dem-v1	cmtcsvatw001q01sahk565ejx	false	40203 era5 -- v4
mapbox.mapbox-terrain-dem-v1	cmtcsvatw001q01sahk565ejx	true	40203 era5 -- v4
mapbox.mapbox-terrain-dem-v1	cmtcsyuee001t01sg0637auog	false	40204 era5 -- v4
mapbox.mapbox-terrain-dem-v1	cmtcsyuee001t01sg0637auog	true	40204 era5 -- v4
mapbox.mapbox-terrain-dem-v1	cmtct3e47000101s51vrjb7fw	false	40205 era5 -- v4
mapbox.mapbox-terrain-dem-v1	cmtct3e47000101s51vrjb7fw	true	40205 era5 -- v4
mapbox.mapbox-terrain-dem-v1	cmtct7r0n001t01s198jqd1fj	false	40206 era5 -- v4
mapbox.mapbox-terrain-dem-v1	cmtct7r0n001t01s198jqd1fj	true	40206 era5 -- v4
mapbox.mapbox-terrain-dem-v1	cmtctdfjo001s01saax88c116	false	40207 era5 -- v4
mapbox.mapbox-terrain-dem-v1	cmtctdfjo001s01saax88c116	true	40207 era5 -- v4
mapbox.mapbox-terrain-dem-v1	cmth9c5v9006b01s5c3ni4krz	false	40305 era5 -- v4
mapbox.mapbox-terrain-dem-v1	cmth9c5v9006b01s5c3ni4krz	true	40305 era5 -- v4
mapbox.mapbox-terrain-dem-v1	cmth9hhhc008i01qt53pg8jty	false	40301 era5 -- v4
mapbox.mapbox-terrain-dem-v1	cmth9hhhc008i01qt53pg8jty	true	40301 era5 -- v4
mapbox.mapbox-terrain-dem-v1	cmth9lorw007z01s10f2h068d	false	40302 era5 -- v4
mapbox.mapbox-terrain-dem-v1	cmth9lorw007z01s10f2h068d	true	40302 era5 -- v4
mapbox.mapbox-terrain-dem-v1	cmth9v0a7008k01qtcmqa1r61	false	40303 era5 -- v4
mapbox.mapbox-terrain-dem-v1	cmth9v0a7008k01qtcmqa1r61	true	40303 era5 -- v4
mapbox.mapbox-terrain-dem-v1	cmth9ytm8007z01qufg3j4bac	false	40304 era5 -- v4
mapbox.mapbox-terrain-dem-v1	cmth9ytm8007z01qufg3j4bac	true	40304 era5 -- v4
mapbox.mapbox-terrain-dem-v1	cmthf0wyk006s01s52u11c0dl	false	40601 era5 -- v4
mapbox.mapbox-terrain-dem-v1	cmthf0wyk006s01s52u11c0dl	true	40601 era5 -- v4
mapbox.mapbox-terrain-dem-v1	cmthf4eca009301qt9k4w180i	false	40607 era5 -- v4
mapbox.mapbox-terrain-dem-v1	cmthf4eca009301qt9k4w180i	true	40607 era5 -- v4
mapbox.mapbox-terrain-dem-v1	cmthf82qt008w01sghyxvci7o	false	40613 era5 -- v4
mapbox.mapbox-terrain-dem-v1	cmthf82qt008w01sghyxvci7o	true	40613 era5 -- v4
mapbox.mapbox-terrain-dem-v1	cmthfbvuv008l01s1f2b0a7w9	false	40614 era5 -- v4
mapbox.mapbox-terrain-dem-v1	cmthfbvuv008l01s1f2b0a7w9	true	40614 era5 -- v4
mapbox.mapbox-terrain-dem-v1	cmthffg4i008m01s1037f1gqi	false	40616 era5 -- v4
mapbox.mapbox-terrain-dem-v1	cmthffg4i008m01s1037f1gqi	true	40616 era5 -- v4
mapbox.mapbox-terrain-dem-v1	cmtinyy5n00br01qtexnz1blu	false	40601 v3abs -- v4
mapbox.mapbox-terrain-dem-v1	cmtinyy5n00br01qtexnz1blu	true	40601 v3abs -- v4
mapbox.mapbox-terrain-dem-v1	cmtio50gy008x01s5fwswcxg8	false	40614 v3abs -- v4
mapbox.mapbox-terrain-dem-v1	cmtio50gy008x01s5fwswcxg8	true	40614 v3abs -- v4
mapbox.mapbox-terrain-dem-v1	cmtio9u2c00b501sgc1bx6sn7	false	40616 v3abs -- v4
mapbox.mapbox-terrain-dem-v1	cmtio9u2c00b501sgc1bx6sn7	true	40616 v3abs -- v4
mapbox.mapbox-terrain-dem-v1	cmtiovs2g00bt01qtcqzkdgt6	false	40601 abs -- v4
mapbox.mapbox-terrain-dem-v1	cmtiovs2g00bt01qtcqzkdgt6	true	40601 abs -- v4
mapbox.mapbox-terrain-dem-v1	cmtip54yu00au01qu0u4k7c0c	false	40614 abs -- v4
mapbox.mapbox-terrain-dem-v1	cmtip54yu00au01qu0u4k7c0c	true	40614 abs -- v4
mapbox.mapbox-terrain-dem-v1	cmtiphoos00b701sg201h20v8	false	40616 abs -- v4
mapbox.mapbox-terrain-dem-v1	cmtiphoos00b701sg201h20v8	true	40616 abs -- v4
mapbox.mapbox-terrain-v2	cki5ur8g0503s19qqxfuvcjtk	false	GCM: Number of Days above 32°C (90°F) -- For About Maps comparison map (Behind the maps page)
mapbox.mapbox-terrain-v2	cki5ur8g0503s19qqxfuvcjtk	true	GCM: Number of Days above 32°C (90°F) -- For About Maps comparison map (Behind the maps page)
mapbox.mapbox-terrain-v2	ckna63myn0p3817mr9sqoigt2	false	REMO: Days above 32C - 3°C (for comparison map)
mapbox.mapbox-terrain-v2	ckna63myn0p3817mr9sqoigt2	true	REMO: Days above 32C - 3°C (for comparison map)
mapbox.mapbox-terrain-v2	ckp719noh0kq017kjgnx384vc	false	REMO: Days above 32C - Baseline (for comparison map)
mapbox.mapbox-terrain-v2	ckp719noh0kq017kjgnx384vc	true	REMO: Days above 32C - Baseline (for comparison map)
mapbox.mapbox-terrain-v2	ckr2dva3m63h517pfsfc7l9ra	false	REMO: Days above 26C wetbulb - Baseline (for comparison map -- A Tour of Temperature page -- Singapore center)
mapbox.mapbox-terrain-v2	ckr2dva3m63h517pfsfc7l9ra	true	REMO: Days above 26C wetbulb - Baseline (for comparison map -- A Tour of Temperature page -- Singapore center)
mapbox.mapbox-terrain-v2	ckr2e6thh0gng17lrvxnixthw	false	REMO: Days above 26C wetbulb - 3°C (for comparison map -- A Tour of Temperature page -- Singapore center)
mapbox.mapbox-terrain-v2	ckr2e6thh0gng17lrvxnixthw	true	REMO: Days above 26C wetbulb - 3°C (for comparison map -- A Tour of Temperature page -- Singapore center)
mapbox.mapbox-terrain-v2	ckry0kho855fn18rzkw6si26u	false	REMO: Days above 32C -- For About Maps comparison map (Behind the maps page)
mapbox.mapbox-terrain-v2	ckry0kho855fn18rzkw6si26u	true	REMO: Days above 32C -- For About Maps comparison map (Behind the maps page)
mapbox.mapbox-terrain-v2	cksssq4fb3gwp17p6nslyb46w	false	Days above 38°C (100°F) -- global RCM RegCM-REMO ensemble
mapbox.mapbox-terrain-v2	cksssq4fb3gwp17p6nslyb46w	true	Days above 38°C (100°F) -- global RCM RegCM-REMO ensemble
mapbox.mapbox-terrain-v2	cl0l5mcrm001u14mysbn650hp	false	Change in precipitation "1-in-100 year" storm (for comparison map -- Tour of precipitation page) -- global RCM RegCM-REMO ensemble
mapbox.mapbox-terrain-v2	cl0l5mcrm001u14mysbn650hp	true	Change in precipitation "1-in-100 year" storm (for comparison map -- Tour of precipitation page) -- global RCM RegCM-REMO ensemble
mapbox.mapbox-terrain-v2	cl0l5nckn003r14pfulx4jgl0	false	Change in precipitation "1-in-100 year" storm (for comparison map -- Tour of precipitation page) -- global RCM RegCM-REMO ensemble
mapbox.mapbox-terrain-v2	cl0l5nckn003r14pfulx4jgl0	true	Change in precipitation "1-in-100 year" storm (for comparison map -- Tour of precipitation page) -- global RCM RegCM-REMO ensemble
mapbox.mapbox-terrain-v2	cl56ktc2f000l14l930kj9hcl	false	Change in total annual precipitation -- global RCM RegCM-REMO ensemble -- v1
mapbox.mapbox-terrain-v2	cl56ktc2f000l14l930kj9hcl	true	Change in total annual precipitation -- global RCM RegCM-REMO ensemble -- v1
mapbox.mapbox-terrain-v2	cl589lwuf000814unun1bxaxj	false	Change in dry hot days -- global RCM RegCM-REMO ensemble -- v1
mapbox.mapbox-terrain-v2	cl589lwuf000814unun1bxaxj	true	Change in dry hot days -- global RCM RegCM-REMO ensemble -- v1
mapbox.mapbox-terrain-v2	cl59gpzny00e814llii4s2wlu	false	Average Temperature -- global RCM RegCM-REMO ensemble -- v1
mapbox.mapbox-terrain-v2	cl59gpzny00e814llii4s2wlu	true	Average Temperature -- global RCM RegCM-REMO ensemble -- v1
mapbox.mapbox-terrain-v2	cl59hjp67000u14o5o2wokukw	false	Average daytime temperature -- global RCM RegCM-REMO ensemble -- v1
mapbox.mapbox-terrain-v2	cl59hjp67000u14o5o2wokukw	true	Average daytime temperature -- global RCM RegCM-REMO ensemble -- v1
mapbox.mapbox-terrain-v2	cl59lfhsw004n14n7uivj4q6k	false	10 hottest days -- global RCM RegCM-REMO ensemble -- v1
mapbox.mapbox-terrain-v2	cl59lfhsw004n14n7uivj4q6k	true	10 hottest days -- global RCM RegCM-REMO ensemble -- v1
mapbox.mapbox-terrain-v2	cl59m7jcm001414o1hqf8x68l	false	Days above 32°C (90°F) -- global RCM RegCM-REMO ensemble -- v1
mapbox.mapbox-terrain-v2	cl59m7jcm001414o1hqf8x68l	true	Days above 32°C (90°F) -- global RCM RegCM-REMO ensemble -- v1
mapbox.mapbox-terrain-v2	cl59mxfs9001x14lrn1wdpqbk	false	Days above 35°C (95°F) -- global RCM RegCM-REMO ensemble -- v1
mapbox.mapbox-terrain-v2	cl59mxfs9001x14lrn1wdpqbk	true	Days above 35°C (95°F) -- global RCM RegCM-REMO ensemble -- v1
mapbox.mapbox-terrain-v2	cl59ntt93004o14l9j4j4vrxq	false	Days above 38°C (100°F) -- global RCM RegCM-REMO ensemble -- v1
mapbox.mapbox-terrain-v2	cl59ntt93004o14l9j4j4vrxq	true	Days above 38°C (100°F) -- global RCM RegCM-REMO ensemble -- v1
mapbox.mapbox-terrain-v2	cl59pelwc000014lggv1m6lg2	false	Average nighttime temperature -- global RCM RegCM-REMO ensemble -- v1
mapbox.mapbox-terrain-v2	cl59pelwc000014lggv1m6lg2	true	Average nighttime temperature -- global RCM RegCM-REMO ensemble -- v1
mapbox.mapbox-terrain-v2	cl59y3a8v000714lgpllqj741	false	Frost nights -- global RCM RegCM-REMO ensemble -- v1
mapbox.mapbox-terrain-v2	cl59y3a8v000714lgpllqj741	true	Frost nights -- global RCM RegCM-REMO ensemble -- v1
mapbox.mapbox-terrain-v2	cl59y9eeo000b14k14hh6ca78	false	Nights above 20°C (68°F) -- global RCM RegCM-REMO ensemble -- v1
mapbox.mapbox-terrain-v2	cl59y9eeo000b14k14hh6ca78	true	Nights above 20°C (68°F) -- global RCM RegCM-REMO ensemble -- v1
mapbox.mapbox-terrain-v2	cl59ygl4z000814lgv5kqsdz7	false	Nights above 25°C (77°F) -- global RCM RegCM-REMO ensemble -- v1
mapbox.mapbox-terrain-v2	cl59ygl4z000814lgv5kqsdz7	true	Nights above 25°C (77°F) -- global RCM RegCM-REMO ensemble -- v1
mapbox.mapbox-terrain-v2	cl59ykyfg000c14k1iyl3n2em	false	Freezing days -- global RCM RegCM-REMO ensemble -- v1
mapbox.mapbox-terrain-v2	cl59ykyfg000c14k1iyl3n2em	true	Freezing days -- global RCM RegCM-REMO ensemble -- v1
mapbox.mapbox-terrain-v2	cl5amu6qw000116nvng3b1p55	false	Days above 26°C wet-bulb -- global RCM RegCM-REMO ensemble -- v1
mapbox.mapbox-terrain-v2	cl5amu6qw000116nvng3b1p55	true	Days above 26°C wet-bulb -- global RCM RegCM-REMO ensemble -- v1
mapbox.mapbox-terrain-v2	cl5amzusp000614q9nl0de34p	false	Days above 28°C wet-bulb -- global RCM RegCM-REMO ensemble -- v1
mapbox.mapbox-terrain-v2	cl5amzusp000614q9nl0de34p	true	Days above 28°C wet-bulb -- global RCM RegCM-REMO ensemble -- v1
mapbox.mapbox-terrain-v2	cl5an7fl4000216nv693x0atj	false	Days above 30°C wet-bulb -- global RCM RegCM-REMO ensemble -- v1
mapbox.mapbox-terrain-v2	cl5an7fl4000216nv693x0atj	true	Days above 30°C wet-bulb -- global RCM RegCM-REMO ensemble -- v1
mapbox.mapbox-terrain-v2	cl5anc752002m14ung7uqotzq	false	Days above 32°C wet-bulb -- global RCM RegCM-REMO ensemble -- v1
mapbox.mapbox-terrain-v2	cl5anc752002m14ung7uqotzq	true	Days above 32°C wet-bulb -- global RCM RegCM-REMO ensemble -- v1
mapbox.mapbox-terrain-v2	cl5anh0ke003a14pm9u2g5rdq	false	10 hottest wet-bulb days -- global RCM RegCM-REMO ensemble -- v1
mapbox.mapbox-terrain-v2	cl5anh0ke003a14pm9u2g5rdq	true	10 hottest wet-bulb days -- global RCM RegCM-REMO ensemble -- v1
mapbox.mapbox-terrain-v2	cl5anvbn3000416nvlqq0q625	false	Change in frequency of "1-in-100 year" storm -- global RCM RegCM-REMO ensemble -- v1
mapbox.mapbox-terrain-v2	cl5anvbn3000416nvlqq0q625	true	Change in frequency of "1-in-100 year" storm -- global RCM RegCM-REMO ensemble -- v1
mapbox.mapbox-terrain-v2	cl5ao7geu001z14rzmwumk3do	false	Change in snowy days -- global RCM RegCM-REMO ensemble -- v1
mapbox.mapbox-terrain-v2	cl5ao7geu001z14rzmwumk3do	true	Change in snowy days -- global RCM RegCM-REMO ensemble -- v1
mapbox.mapbox-terrain-v2	cl5aodqou005m14l92iv0mjnc	false	Change in wettest 90 days -- global RCM RegCM-REMO ensemble -- v1
mapbox.mapbox-terrain-v2	cl5aodqou005m14l92iv0mjnc	true	Change in wettest 90 days -- global RCM RegCM-REMO ensemble -- v1
mapbox.mapbox-terrain-v2	cl5apepmb004g14pd1fyy5wdz	false	Days above 32°C (90°F) -- global REMO -- v1
mapbox.mapbox-terrain-v2	cl5apepmb004g14pd1fyy5wdz	true	Days above 32°C (90°F) -- global REMO -- v1
mapbox.mapbox-terrain-v2	cl5avrgpb00an14qpdi77c7b0	false	10 hottest days -- global REMO -- v1
mapbox.mapbox-terrain-v2	cl5avrgpb00an14qpdi77c7b0	true	10 hottest days -- global REMO -- v1
mapbox.mapbox-terrain-v2	cl5awme5i002t14mooj4vv9md	false	Nights above 20°C (68°F) -- global REMO -- v1
mapbox.mapbox-terrain-v2	cl5awme5i002t14mooj4vv9md	true	Nights above 20°C (68°F) -- global REMO -- v1
mapbox.mapbox-terrain-v2	cl5awq2z0002u14mo4rso1wol	false	Nights above 25°C (77°F) -- global REMO -- v1
mapbox.mapbox-terrain-v2	cl5awq2z0002u14mo4rso1wol	true	Nights above 25°C (77°F) -- global REMO -- v1
mapbox.mapbox-terrain-v2	cl5ccqzez003p14o1owby930o	false	Annual likelihood of 6-month extreme drought -- global REMO -- v1
mapbox.mapbox-terrain-v2	cl5ccqzez003p14o1owby930o	true	Annual likelihood of 6-month extreme drought -- global REMO -- v1
mapbox.mapbox-terrain-v2	cl5cfboxp000214pg38v112va	false	Days above 35°C (95°F) -- global REMO -- v1
mapbox.mapbox-terrain-v2	cl5cfboxp000214pg38v112va	true	Days above 35°C (95°F) -- global REMO -- v1
mapbox.mapbox-terrain-v2	cl5cfl67r000115nlqinn4msy	false	Average Temperature -- global REMO -- v1
mapbox.mapbox-terrain-v2	cl5cfl67r000115nlqinn4msy	true	Average Temperature -- global REMO -- v1
mapbox.mapbox-terrain-v2	cl5cfpqmi000414pgtdej8ub6	false	Freezing days -- global REMO -- v1
mapbox.mapbox-terrain-v2	cl5cfpqmi000414pgtdej8ub6	true	Freezing days -- global REMO -- v1
mapbox.mapbox-terrain-v2	cl6kf3j3m003r15lji9052p2h	false	Change in precipitation "1-in-100 year" storm -- global RCM RegCM-REMO ensemble -- v1
mapbox.mapbox-terrain-v2	cl6kf3j3m003r15lji9052p2h	true	Change in precipitation "1-in-100 year" storm -- global RCM RegCM-REMO ensemble -- v1
mapbox.mapbox-terrain-v2	cl7fwv8nf000i14qzu8m50533	false	Likelihood of extreme annual drought - no barren lands -- global REMO -- v1
mapbox.mapbox-terrain-v2	cl7fwv8nf000i14qzu8m50533	true	Likelihood of extreme annual drought - no barren lands -- global REMO -- v1
mapbox.mapbox-terrain-v2	cl7fx17mz000m14o7n64ocrgp	false	Likelihood of no annual drought conditions - no barren lands -- global REMO -- v1
mapbox.mapbox-terrain-v2	cl7fx17mz000m14o7n64ocrgp	true	Likelihood of no annual drought conditions - no barren lands -- global REMO -- v1
mapbox.mapbox-terrain-v2	cl82t4a5z002s14ochl1tq75f	false	Water balance -- global RCM RegCM-REMO ensemble -- v1
mapbox.mapbox-terrain-v2	cl82t4a5z002s14ochl1tq75f	true	Water balance -- global RCM RegCM-REMO ensemble -- v1
mapbox.mapbox-terrain-v2	cl82u2msx003a15lkolpjs18p	false	Climate zones -- global RCM RegCM-REMO ensemble -- v1
mapbox.mapbox-terrain-v2	cl82u2msx003a15lkolpjs18p	true	Climate zones -- global RCM RegCM-REMO ensemble -- v1
mapbox.mapbox-terrain-v2	cl8a0g5rj005p14p5qywg0ugr	false	Likelihood of year-plus extreme drought -- global RCM RegCM-REMO ensemble -- v1
mapbox.mapbox-terrain-v2	cl8a0g5rj005p14p5qywg0ugr	true	Likelihood of year-plus extreme drought -- global RCM RegCM-REMO ensemble -- v1
mapbox.mapbox-terrain-v2	cl8a0lz5c000m14l7ym1k9el4	false	Likelihood of year-plus drought -- global RCM RegCM-REMO ensemble -- v1
mapbox.mapbox-terrain-v2	cl8a0lz5c000m14l7ym1k9el4	true	Likelihood of year-plus drought -- global RCM RegCM-REMO ensemble -- v1
mapbox.mapbox-terrain-v2	cl8a0rh65006414qloma90grc	false	Change in wildfire danger days -- global RCM RegCM-REMO ensemble -- v1
mapbox.mapbox-terrain-v2	cl8a0rh65006414qloma90grc	true	Change in wildfire danger days -- global RCM RegCM-REMO ensemble -- v1
mapbox.mapbox-terrain-v2	cl8abbl6u000515p991u8w8gz	false	Likelihood of year-plus drought (for comparison map -- Tour of drought page -- 3°C -- Sahel) -- global RCM RegCM-REMO ensemble -- v1 
mapbox.mapbox-terrain-v2	cl8abbl6u000515p991u8w8gz	true	Likelihood of year-plus drought (for comparison map -- Tour of drought page -- 3°C -- Sahel) -- global RCM RegCM-REMO ensemble -- v1 
mapbox.mapbox-terrain-v2	cl8abcc3700f014nt64d0e8r8	false	Likelihood of year-plus drought (for comparison map -- Tour of drought page -- 1°C -- Sahel) -- global RCM RegCM-REMO ensemble -- v1
mapbox.mapbox-terrain-v2	cl8abcc3700f014nt64d0e8r8	true	Likelihood of year-plus drought (for comparison map -- Tour of drought page -- 1°C -- Sahel) -- global RCM RegCM-REMO ensemble -- v1
mapbox.mapbox-terrain-v2	cl8abcq6l006d14p5bexzyd1e	false	Likelihood of year-plus drought (for comparison map -- Tour of drought page -- 1°C -- Northern China) -- global RCM RegCM-REMO ensemble -- v1
mapbox.mapbox-terrain-v2	cl8abcq6l006d14p5bexzyd1e	true	Likelihood of year-plus drought (for comparison map -- Tour of drought page -- 1°C -- Northern China) -- global RCM RegCM-REMO ensemble -- v1
mapbox.mapbox-terrain-v2	cl8abdqhl000z15s3vw8ri2qj	false	Likelihood of year-plus drought (for comparison map -- Tour of drought page -- 3°C -- Northern China) -- global RCM RegCM-REMO ensemble -- v1
mapbox.mapbox-terrain-v2	cl8abdqhl000z15s3vw8ri2qj	true	Likelihood of year-plus drought (for comparison map -- Tour of drought page -- 3°C -- Northern China) -- global RCM RegCM-REMO ensemble -- v1
mapbox.mapbox-terrain-v2	cl8abf4zf000s15tbodpkr02e	false	Likelihood of year-plus drought (for comparison map -- Tour of drought page -- 3°C -- Perth, Australia) -- global RCM RegCM-REMO ensemble -- v1 
mapbox.mapbox-terrain-v2	cl8abf4zf000s15tbodpkr02e	true	Likelihood of year-plus drought (for comparison map -- Tour of drought page -- 3°C -- Perth, Australia) -- global RCM RegCM-REMO ensemble -- v1 
mapbox.mapbox-terrain-v2	cl8abfkvu006e14p5167n3wwz	false	Likelihood of year-plus drought (for comparison map -- Tour of drought page -- 1°C -- Perth, Australia) -- global RCM RegCM-REMO ensemble -- v1
mapbox.mapbox-terrain-v2	cl8abfkvu006e14p5167n3wwz	true	Likelihood of year-plus drought (for comparison map -- Tour of drought page -- 1°C -- Perth, Australia) -- global RCM RegCM-REMO ensemble -- v1
mapbox.mapbox-terrain-v2	clbox5eve000f14qrbn92ois5	false	GCM: Number of Days above 32°C (90°F) -- For About Maps comparison map (Behind the maps page) -- v1
mapbox.mapbox-terrain-v2	clbox5eve000f14qrbn92ois5	true	GCM: Number of Days above 32°C (90°F) -- For About Maps comparison map (Behind the maps page) -- v1
mapbox.mapbox-terrain-v2	clboxnlb4002e14n5rcbf9ocb	false	REMO: Days above 32C -- For About Maps comparison map (Behind the maps page)-copy
mapbox.mapbox-terrain-v2	clboxnlb4002e14n5rcbf9ocb	true	REMO: Days above 32C -- For About Maps comparison map (Behind the maps page)-copy
mapbox.mapbox-terrain-v2	cldu7iyay001901pl0q2v96w9	false	Days above 32°C (90°F) -- v2
mapbox.mapbox-terrain-v2	cldu7iyay001901pl0q2v96w9	true	Days above 32°C (90°F) -- v2
mapbox.mapbox-terrain-v2	cle5ethd3000x01qtrgko6fmv	false	Average Temperature -- v2
mapbox.mapbox-terrain-v2	cle5ethd3000x01qtrgko6fmv	true	Average Temperature -- v2
mapbox.mapbox-terrain-v2	cle5fqrhd002q01qmcd7rk940	false	Average daytime temperature -- v2
mapbox.mapbox-terrain-v2	cle5fqrhd002q01qmcd7rk940	true	Average daytime temperature -- v2
mapbox.mapbox-terrain-v2	cle5gr70l000m01o399u73k8y	false	10 hottest days -- v2
mapbox.mapbox-terrain-v2	cle5gr70l000m01o399u73k8y	true	10 hottest days -- v2
mapbox.mapbox-terrain-v2	cle5i7fwp003c01qgbsqmg1tj	false	Days above 35°C (95°F) -- v2
mapbox.mapbox-terrain-v2	cle5i7fwp003c01qgbsqmg1tj	true	Days above 35°C (95°F) -- v2
mapbox.mapbox-terrain-v2	cle5ik4xw001401qtmx3iupap	false	Days above 38°C (100°F) -- v2
mapbox.mapbox-terrain-v2	cle5ik4xw001401qtmx3iupap	true	Days above 38°C (100°F) -- v2
mapbox.mapbox-terrain-v2	cle5iyoyr001k01q9lzpcqhoh	false	Average nighttime temperature -- v2
mapbox.mapbox-terrain-v2	cle5iyoyr001k01q9lzpcqhoh	true	Average nighttime temperature -- v2
mapbox.mapbox-terrain-v2	cle5kmbpx001301ldiwi6k739	false	Frost nights -- v2
mapbox.mapbox-terrain-v2	cle5kmbpx001301ldiwi6k739	true	Frost nights -- v2
mapbox.mapbox-terrain-v2	cle5l2sbs007y01tes0li5a2z	false	Nights above 20°C (68°F) -- v2
mapbox.mapbox-terrain-v2	cle5l2sbs007y01tes0li5a2z	true	Nights above 20°C (68°F) -- v2
mapbox.mapbox-terrain-v2	cle5lfg8b006b01mt7dgi3k65	false	Nights above 25°C (77°F) -- v2
mapbox.mapbox-terrain-v2	cle5lfg8b006b01mt7dgi3k65	true	Nights above 25°C (77°F) -- v2
mapbox.mapbox-terrain-v2	cle5lx0y8003401noyf3pnggm	false	Freezing days -- v2
mapbox.mapbox-terrain-v2	cle5lx0y8003401noyf3pnggm	true	Freezing days -- v2
mapbox.mapbox-terrain-v2	cle5pyznm003j01qmrmk88o4c	false	Days above 26°C wet-bulb -- v2
mapbox.mapbox-terrain-v2	cle5pyznm003j01qmrmk88o4c	true	Days above 26°C wet-bulb -- v2
mapbox.mapbox-terrain-v2	cle8k0wbj003e01lnanhdzzv4	false	Days above 28°C wet-bulb -- v2
mapbox.mapbox-terrain-v2	cle8k0wbj003e01lnanhdzzv4	true	Days above 28°C wet-bulb -- v2
mapbox.mapbox-terrain-v2	cle8k6mxy001401nzqjb2i47s	false	Days above 30°C wet-bulb -- v2
mapbox.mapbox-terrain-v2	cle8k6mxy001401nzqjb2i47s	true	Days above 30°C wet-bulb -- v2
mapbox.mapbox-terrain-v2	cle8kep4j007q01qm7mlwazow	false	Days above 32°C wet-bulb -- v2
mapbox.mapbox-terrain-v2	cle8kep4j007q01qm7mlwazow	true	Days above 32°C wet-bulb -- v2
mapbox.mapbox-terrain-v2	cle8kk10600cp01te0c5ggrkz	false	10 hottest wet-bulb days -- v2
mapbox.mapbox-terrain-v2	cle8kk10600cp01te0c5ggrkz	true	10 hottest wet-bulb days -- v2
mapbox.mapbox-terrain-v2	clg417c2r002e01qp5hdn21pl	false	Average Temperature -- v2-copy
mapbox.mapbox-terrain-v2	clg417c2r002e01qp5hdn21pl	true	Average Temperature -- v2-copy
mapbox.mapbox-terrain-v2	clguxgc01001c01pfe4hm2i78	false	Average Temperature -- v2-copy-copy
mapbox.mapbox-terrain-v2	clguxgc01001c01pfe4hm2i78	true	Average Temperature -- v2-copy-copy
mapbox.mapbox-terrain-v2	clguz0sqm009c01pb2t6oh2rr	false	Average Temperature -- v2-copy-copy
mapbox.mapbox-terrain-v2	clguz0sqm009c01pb2t6oh2rr	true	Average Temperature -- v2-copy-copy
mapbox.mapbox-terrain-v2	clh6ey7in001g01qvhduy01gz	false	Average Temperature -- v2-copy-copy atmosphere playground 2-copy
mapbox.mapbox-terrain-v2	clh6ey7in001g01qvhduy01gz	true	Average Temperature -- v2-copy-copy atmosphere playground 2-copy
mapbox.mapbox-terrain-v2	clh6f2g6w009g01qjaumx61cn	false	Globe option: Brand black space, globe illos gray low atmos -- Average Temperature -- v2-copy
mapbox.mapbox-terrain-v2	clh6f2g6w009g01qjaumx61cn	true	Globe option: Brand black space, globe illos gray low atmos -- Average Temperature -- v2-copy
mapbox.mapbox-terrain-v2	clh6f6fzf009j01qjg5zw8pcm	false	Globe option: Zero-bin gray space, globe illos gray low atmos -- Average Temperature -- v2-copy-copy
mapbox.mapbox-terrain-v2	clh6f6fzf009j01qjg5zw8pcm	true	Globe option: Zero-bin gray space, globe illos gray low atmos -- Average Temperature -- v2-copy-copy
mapbox.mapbox-terrain-v2	clh6f81j001gt01paa1e54jea	false	Globe option: Brand black space and atmos -- Average Temperature -- v2-copy
mapbox.mapbox-terrain-v2	clh6f81j001gt01paa1e54jea	true	Globe option: Brand black space and atmos -- Average Temperature -- v2-copy
mapbox.mapbox-terrain-v2	clh6fhdag01ff01p85ckp2lyo	false	Globe option: Globe-illos gray space and both atmos -- Average Temperature -- v2-copy
mapbox.mapbox-terrain-v2	clh6fhdag01ff01p85ckp2lyo	true	Globe option: Globe-illos gray space and both atmos -- Average Temperature -- v2-copy
mapbox.mapbox-terrain-v2	clhufmhfn023y01pn976z0gws	false	Change in total annual precipitation -- v3
mapbox.mapbox-terrain-v2	clhufmhfn023y01pn976z0gws	true	Change in total annual precipitation -- v3
mapbox.mapbox-terrain-v2	clhuooyb7004n01qu85kh24fo	false	Change in dry hot days -- v3
mapbox.mapbox-terrain-v2	clhuooyb7004n01qu85kh24fo	true	Change in dry hot days -- v3
mapbox.mapbox-terrain-v2	clhuot8cr024o01pnfdqf710x	false	Change in frequency of "1-in-100 year" storm -- v3
mapbox.mapbox-terrain-v2	clhuot8cr024o01pnfdqf710x	true	Change in frequency of "1-in-100 year" storm -- v3
mapbox.mapbox-terrain-v2	clhyiscjx028w01qu7vim9cml	false	Change in precipitation "1-in-100 year" storm -- v3
mapbox.mapbox-terrain-v2	clhyiscjx028w01qu7vim9cml	true	Change in precipitation "1-in-100 year" storm -- v3
mapbox.mapbox-terrain-v2	clhyixhg0028y01qu89iu8e2l	false	Change in snowy days -- v3
mapbox.mapbox-terrain-v2	clhyixhg0028y01qu89iu8e2l	true	Change in snowy days -- v3
mapbox.mapbox-terrain-v2	clhyj2rj6027601pr6h68953d	false	Change in wettest 90 days -- v3
mapbox.mapbox-terrain-v2	clhyj2rj6027601pr6h68953d	true	Change in wettest 90 days -- v3
mapbox.mapbox-terrain-v2	clhyqgvkg004i01obb8pm9zto	false	Average Temperature -- v3
mapbox.mapbox-terrain-v2	clhyqgvkg004i01obb8pm9zto	true	Average Temperature -- v3
mapbox.mapbox-terrain-v2	clhyqxusn00aq01qseqtc3om9	false	Average daytime temperature -- v3
mapbox.mapbox-terrain-v2	clhyqxusn00aq01qseqtc3om9	true	Average daytime temperature -- v3
mapbox.mapbox-terrain-v2	clhyr2h5b025l01r0f0xa9kzb	false	10 hottest days -- v3
mapbox.mapbox-terrain-v2	clhyr2h5b025l01r0f0xa9kzb	true	10 hottest days -- v3
mapbox.mapbox-terrain-v2	clhyr76qr028501pr9vjx9a1d	false	Days above 32°C (90°F) -- v3
mapbox.mapbox-terrain-v2	clhyr76qr028501pr9vjx9a1d	true	Days above 32°C (90°F) -- v3
mapbox.mapbox-terrain-v2	clhyrro7r028j01quaigo1l8g	false	Days above 35°C (95°F) -- v3
mapbox.mapbox-terrain-v2	clhyrro7r028j01quaigo1l8g	true	Days above 35°C (95°F) -- v3
mapbox.mapbox-terrain-v2	clhyrwhlt02ae01qu6uojdjhx	false	Days above 38°C (100°F) -- v3
mapbox.mapbox-terrain-v2	clhyrwhlt02ae01qu6uojdjhx	true	Days above 38°C (100°F) -- v3
mapbox.mapbox-terrain-v2	clhzyf384028601r0br6g94y6	false	Average nighttime temperature -- v3
mapbox.mapbox-terrain-v2	clhzyf384028601r0br6g94y6	true	Average nighttime temperature -- v3
mapbox.mapbox-terrain-v2	clhzykaon02ar01qu0iah4r6c	false	Frost nights -- v3
mapbox.mapbox-terrain-v2	clhzykaon02ar01qu0iah4r6c	true	Frost nights -- v3
mapbox.mapbox-terrain-v2	clhzypp66028901r05kixdepa	false	Nights above 20°C (68°F) -- v3
mapbox.mapbox-terrain-v2	clhzypp66028901r05kixdepa	true	Nights above 20°C (68°F) -- v3
mapbox.mapbox-terrain-v2	clhzyvdlw02dm01qydo7s7fmb	false	Nights above 25°C (77°F) -- v3
mapbox.mapbox-terrain-v2	clhzyvdlw02dm01qydo7s7fmb	true	Nights above 25°C (77°F) -- v3
mapbox.mapbox-terrain-v2	clhzz2hvl02as01quh2kqdao4	false	Freezing days -- v3
mapbox.mapbox-terrain-v2	clhzz2hvl02as01quh2kqdao4	true	Freezing days -- v3
mapbox.mapbox-terrain-v2	clhzzu7r2028d01r01jasa97q	false	Days above 26°C wet-bulb -- v3
mapbox.mapbox-terrain-v2	clhzzu7r2028d01r01jasa97q	true	Days above 26°C wet-bulb -- v3
mapbox.mapbox-terrain-v2	clhzzzbze000k01r1h9m1cql6	false	Days above 28°C wet-bulb -- v3
mapbox.mapbox-terrain-v2	clhzzzbze000k01r1h9m1cql6	true	Days above 28°C wet-bulb -- v3
mapbox.mapbox-terrain-v2	cli004t7p02av01quclg5aoqe	false	Days above 30°C wet-bulb -- v3
mapbox.mapbox-terrain-v2	cli004t7p02av01quclg5aoqe	true	Days above 30°C wet-bulb -- v3
mapbox.mapbox-terrain-v2	cli00aegl02cf01pn98g44e3e	false	Days above 32°C wet-bulb -- v3
mapbox.mapbox-terrain-v2	cli00aegl02cf01pn98g44e3e	true	Days above 32°C wet-bulb -- v3
mapbox.mapbox-terrain-v2	cli00g7pj00f501pn7ox1hz7b	false	10 hottest wet-bulb days -- v3
mapbox.mapbox-terrain-v2	cli00g7pj00f501pn7ox1hz7b	true	10 hottest wet-bulb days -- v3
mapbox.mapbox-terrain-v2	cli07tazp02d901pn5jjj5tvn	false	Water balance -- v3
mapbox.mapbox-terrain-v2	cli07tazp02d901pn5jjj5tvn	true	Water balance -- v3
mapbox.mapbox-terrain-v2	cli07z7bu02fm01pg4vqk9ukg	false	Change in wildfire danger days -- v3
mapbox.mapbox-terrain-v2	cli07z7bu02fm01pg4vqk9ukg	true	Change in wildfire danger days -- v3
mapbox.mapbox-terrain-v2	cli4ctifx02hx01r03gfygf6f	false	Likelihood of year-plus extreme drought -- v3
mapbox.mapbox-terrain-v2	cli4ctifx02hx01r03gfygf6f	true	Likelihood of year-plus extreme drought -- v3
mapbox.mapbox-terrain-v2	cli4cyaez00oo01pn4twydvb7	false	Likelihood of year-plus drought -- v3
mapbox.mapbox-terrain-v2	cli4cyaez00oo01pn4twydvb7	true	Likelihood of year-plus drought -- v3
mapbox.mapbox-terrain-v2	clk00bkc200re01nm7s2o1dqt	false	Change in total annual precipitation -- v3-copy
mapbox.mapbox-terrain-v2	clk00bkc200re01nm7s2o1dqt	true	Change in total annual precipitation -- v3-copy
mapbox.mapbox-terrain-v2	clk00cgal00rz01nsereoc136	false	Likelihood of year-plus drought -- v3-copy
mapbox.mapbox-terrain-v2	clk00cgal00rz01nsereoc136	true	Likelihood of year-plus drought -- v3-copy
mapbox.mapbox-terrain-v2	clk00czhr00sz01qvcdo0cfws	false	Change in snowy days -- v3-copy
mapbox.mapbox-terrain-v2	clk00czhr00sz01qvcdo0cfws	true	Change in snowy days -- v3-copy
mapbox.mapbox-terrain-v2	clnbsx0xv03lv01pb5b2kbjau	false	Climate zones -- v3
mapbox.mapbox-terrain-v2	clnbsx0xv03lv01pb5b2kbjau	true	Climate zones -- v3
mapbox.mapbox-terrain-v2	clo8j3xby00x601qm5swhfhif	false	Likelihood of daytime heat wave -- v3
mapbox.mapbox-terrain-v2	clo8j3xby00x601qm5swhfhif	true	Likelihood of daytime heat wave -- v3
mapbox.mapbox-terrain-v2	clogysogp008b01qqg4bfgumv	false	Likelihood of nighttime heat wave -- v3
mapbox.mapbox-terrain-v2	clogysogp008b01qqg4bfgumv	true	Likelihood of nighttime heat wave -- v3
mapbox.mapbox-terrain-v2	clr4pe2k400ds01p56a6jc3en	false	Days above 45°C (113°F) -- v3
mapbox.mapbox-terrain-v2	clr4pe2k400ds01p56a6jc3en	true	Days above 45°C (113°F) -- v3
mapbox.mapbox-terrain-v2	clrjfvn2900oi01pe6lzhesid	false	10 hottest nights -- v3
mapbox.mapbox-terrain-v2	clrjfvn2900oi01pe6lzhesid	true	10 hottest nights -- v3
mapbox.mapbox-terrain-v2	cltx1yoqo00eb01qwcebs7d3z	false	Average winter temperatures -- v3
mapbox.mapbox-terrain-v2	cltx1yoqo00eb01qwcebs7d3z	true	Average winter temperatures -- v3
mapbox.mapbox-terrain-v2	clw4nd50401cv01qu3geqabjr	false	Streets
mapbox.mapbox-terrain-v2	clw4nd50401cv01qu3geqabjr	true	Streets
mapbox.mapbox-terrain-v2	clyx4j534009o01p63e0x7rb5	false	Three hottest days - consecutive, ensemble maxmin -- v3
mapbox.mapbox-terrain-v2	clyx4j534009o01p63e0x7rb5	true	Three hottest days - consecutive, ensemble maxmin -- v3
mapbox.mapbox-terrain-v2	clyx4nsgr009s01pf0fn0487n	false	Three coldest days - consecutive, ensemble maxmin -- v3
mapbox.mapbox-terrain-v2	clyx4nsgr009s01pf0fn0487n	true	Three coldest days - consecutive, ensemble maxmin -- v3
mapbox.mapbox-terrain-v2	cmh7ltrj0004001r21ixsfwtj	false	Days above 32°C (90°F) -- v3-m-m
mapbox.mapbox-terrain-v2	cmh7ltrj0004001r21ixsfwtj	true	Days above 32°C (90°F) -- v3-m-m
mapbox.mapbox-terrain-v2	cmhjg1ml100e501r82bnv4e0j	false	Average Temperature -- v3-m-m
mapbox.mapbox-terrain-v2	cmhjg1ml100e501r82bnv4e0j	true	Average Temperature -- v3-m-m
mapbox.mapbox-terrain-v2	cmhjgd8wb00e201r68kkfa2n2	false	Freezing days -- v3-m-m
mapbox.mapbox-terrain-v2	cmhjgd8wb00e201r68kkfa2n2	true	Freezing days -- v3-m-m
mapbox.mapbox-terrain-v2	cmhjh9x7r00eg01rgfljbfahr	false	Change in total annual precipitation -- v3-m-m
mapbox.mapbox-terrain-v2	cmhjh9x7r00eg01rgfljbfahr	true	Change in total annual precipitation -- v3-m-m
mapbox.mapbox-terrain-v2	cmhjhmvqn000101rcfwen1bjh	false	Change in wildfire danger days -- v3-m-m
mapbox.mapbox-terrain-v2	cmhjhmvqn000101rcfwen1bjh	true	Change in wildfire danger days -- v3-m-m
mapbox.mapbox-terrain-v2	cmo1cw51200yi01se5gcuewdd	false	Days above 35°C (95°F) -- v3
mapbox.mapbox-terrain-v2	cmo1cw51200yi01se5gcuewdd	true	Days above 35°C (95°F) -- v3
mapbox.mapbox-terrain-v2	cmo1fys0r006p01qw2e6ibvhv	false	Days above 35°C (95°F) -- v3
mapbox.mapbox-terrain-v2	cmo1fys0r006p01qw2e6ibvhv	true	Days above 35°C (95°F) -- v3
mapbox.mapbox-terrain-v2	cmo759jfm000s01sfgtlr1s6z	false	zoom1-style
mapbox.mapbox-terrain-v2	cmo759jfm000s01sfgtlr1s6z	true	zoom1-style
mapbox.mapbox-terrain-v2	cmp3tkbqx000g01s9e7zlaoc1	false	Days above 50°C (122°F) -- v3
mapbox.mapbox-terrain-v2	cmp3tkbqx000g01s9e7zlaoc1	true	Days above 50°C (122°F) -- v3
mapbox.mapbox-terrain-v2	cmseu7fvp00gq01s8e3ev2e73	false	Days above 35°C (95°F) -- v3
mapbox.mapbox-terrain-v2	cmseu7fvp00gq01s8e3ev2e73	true	Days above 35°C (95°F) -- v3
mapbox.mapbox-terrain-v2	cmsnf627o014x01sd6wnoa5bl	false	40105 hi-res -- v4
mapbox.mapbox-terrain-v2	cmsnf627o014x01sd6wnoa5bl	true	40105 hi-res -- v4
mapbox.mapbox-terrain-v2	cmsnfh05p014z01sd8jdoczi6	false	40104 hi-res -- v4
mapbox.mapbox-terrain-v2	cmsnfh05p014z01sd8jdoczi6	true	40104 hi-res -- v4
mapbox.mapbox-terrain-v2	cmsnfp9q0015201sd9o0l24d1	false	40101 hi-res -- v4
mapbox.mapbox-terrain-v2	cmsnfp9q0015201sd9o0l24d1	true	40101 hi-res -- v4
mapbox.mapbox-terrain-v2	cmsnfxyp5011i01s9f1a45sfs	false	40202 hi-res -- v4
mapbox.mapbox-terrain-v2	cmsnfxyp5011i01s9f1a45sfs	true	40202 hi-res -- v4
mapbox.mapbox-terrain-v2	cmsng66e4015401sdbfy9ecwe	false	40206 hi-res -- v4
mapbox.mapbox-terrain-v2	cmsng66e4015401sdbfy9ecwe	true	40206 hi-res -- v4
mapbox.mapbox-terrain-v2	cmsngflyi010c01sf2jfc8xkc	false	40301 hi-res -- v4
mapbox.mapbox-terrain-v2	cmsngflyi010c01sf2jfc8xkc	true	40301 hi-res -- v4
mapbox.mapbox-terrain-v2	cmsngnqdm012r01s80xrw7a1s	false	40302 hi-res -- v4
mapbox.mapbox-terrain-v2	cmsngnqdm012r01s80xrw7a1s	true	40302 hi-res -- v4
mapbox.mapbox-terrain-v2	cmsngxa0q00rc01sa9dsv3k63	false	40601 hi-res -- v4
mapbox.mapbox-terrain-v2	cmsngxa0q00rc01sa9dsv3k63	true	40601 hi-res -- v4
mapbox.mapbox-terrain-v2	cmsnh6k9500rh01sad4kp9g5q	false	40614 hi-res -- v4
mapbox.mapbox-terrain-v2	cmsnh6k9500rh01sad4kp9g5q	true	40614 hi-res -- v4
mapbox.mapbox-terrain-v2	cmsnhhytv012z01s81kx1gbcy	false	40702 hi-res -- v4
mapbox.mapbox-terrain-v2	cmsnhhytv012z01s81kx1gbcy	true	40702 hi-res -- v4
mapbox.mapbox-terrain-v2	cmsxpxig0006j01qya4zo4eyx	false	40105 diff -- v4
mapbox.mapbox-terrain-v2	cmsxpxig0006j01qya4zo4eyx	true	40105 diff -- v4
mapbox.mapbox-terrain-v2	cmsyfqhxj00ad01se70pc8m8q	false	40102 hi-res -- v4
mapbox.mapbox-terrain-v2	cmsyfqhxj00ad01se70pc8m8q	true	40102 hi-res -- v4
mapbox.mapbox-terrain-v2	cmsyg48fd00af01see49gcigg	false	40103 hi-res -- v4
mapbox.mapbox-terrain-v2	cmsyg48fd00af01see49gcigg	true	40103 hi-res -- v4
mapbox.mapbox-terrain-v2	cmsygf86z007u01sa0jon8wxs	false	40106 hi-res -- v4
mapbox.mapbox-terrain-v2	cmsygf86z007u01sa0jon8wxs	true	40106 hi-res -- v4
mapbox.mapbox-terrain-v2	cmsygqx83005s01r078168l3j	false	40107 hi-res -- v4
mapbox.mapbox-terrain-v2	cmsygqx83005s01r078168l3j	true	40107 hi-res -- v4
mapbox.mapbox-terrain-v2	cmsyhd327005t01r01dni5ach	false	40204 hi-res -- v4
mapbox.mapbox-terrain-v2	cmsyhd327005t01r01dni5ach	true	40204 hi-res -- v4
mapbox.mapbox-terrain-v2	cmsyhr0lh002c01qx7s6c6yni	false	40205 hi-res -- v4
mapbox.mapbox-terrain-v2	cmsyhr0lh002c01qx7s6c6yni	true	40205 hi-res -- v4
mapbox.mapbox-terrain-v2	cmsyi7f4x00ap01se4izd2q4w	false	40207 hi-res -- v4
mapbox.mapbox-terrain-v2	cmsyi7f4x00ap01se4izd2q4w	true	40207 hi-res -- v4
mapbox.mapbox-terrain-v2	cmsyinukc007p01qy7kgpbmb2	false	40303 hi-res -- v4
mapbox.mapbox-terrain-v2	cmsyinukc007p01qy7kgpbmb2	true	40303 hi-res -- v4
mapbox.mapbox-terrain-v2	cmsyj3x2w00at01sea2bqctui	false	40304 hi-res -- v4
mapbox.mapbox-terrain-v2	cmsyj3x2w00at01sea2bqctui	true	40304 hi-res -- v4
mapbox.mapbox-terrain-v2	cmsyji2xv007u01qy5wvb92c0	false	40701 hi-res -- v4
mapbox.mapbox-terrain-v2	cmsyji2xv007u01qy5wvb92c0	true	40701 hi-res -- v4
mapbox.mapbox-terrain-v2	cmsykth82009v01sd45krfjur	false	40201 hi-res -- v4
mapbox.mapbox-terrain-v2	cmsykth82009v01sd45krfjur	true	40201 hi-res -- v4
mapbox.mapbox-terrain-v2	cmsyl76bu009x01sdh15i6a9m	false	40203 hi-res -- v4
mapbox.mapbox-terrain-v2	cmsyl76bu009x01sdh15i6a9m	true	40203 hi-res -- v4
mapbox.mapbox-terrain-v2	cmszwsyju00a301qy7ut1a713	false	40101 diff -- v4
mapbox.mapbox-terrain-v2	cmszwsyju00a301qy7ut1a713	true	40101 diff -- v4
mapbox.mapbox-terrain-v2	cmszx1mop00e601se16l16u0x	false	40104 diff -- v4
mapbox.mapbox-terrain-v2	cmszx1mop00e601se16l16u0x	true	40104 diff -- v4
mapbox.mapbox-terrain-v2	cmszx92pa00e801seg2w880qd	false	40206 diff -- v4
mapbox.mapbox-terrain-v2	cmszx92pa00e801seg2w880qd	true	40206 diff -- v4
mapbox.mapbox-terrain-v2	cmszxjf6o00c301sd5g7p5oe8	false	40301 diff -- v4
mapbox.mapbox-terrain-v2	cmszxjf6o00c301sd5g7p5oe8	true	40301 diff -- v4
mapbox.mapbox-terrain-v2	cmszxw8lq00af01sa1chs7ogl	false	40302 diff -- v4
mapbox.mapbox-terrain-v2	cmszxw8lq00af01sa1chs7ogl	true	40302 diff -- v4
mapbox.mapbox-terrain-v2	cmszy8x6w00ed01se66tnf7gk	false	40601 diff -- v4
mapbox.mapbox-terrain-v2	cmszy8x6w00ed01se66tnf7gk	true	40601 diff -- v4
mapbox.mapbox-terrain-v2	cmszyls2c00c901sdfiaa23ux	false	40614 diff -- v4
mapbox.mapbox-terrain-v2	cmszyls2c00c901sdfiaa23ux	true	40614 diff -- v4
mapbox.mapbox-terrain-v2	cmszywa1300aj01sa7y2v8s50	false	40702 diff -- v4
mapbox.mapbox-terrain-v2	cmszywa1300aj01sa7y2v8s50	true	40702 diff -- v4
mapbox.mapbox-terrain-v2	cmt02f1f000ew01seczxx74zo	false	40102 diff -- v4
mapbox.mapbox-terrain-v2	cmt02f1f000ew01seczxx74zo	true	40102 diff -- v4
mapbox.mapbox-terrain-v2	cmt02nc1o00ex01se3pnjephc	false	40103 diff -- v4
mapbox.mapbox-terrain-v2	cmt02nc1o00ex01se3pnjephc	true	40103 diff -- v4
mapbox.mapbox-terrain-v2	cmt02wt2i00cn01sd2inu3c8d	false	40106 diff -- v4
mapbox.mapbox-terrain-v2	cmt02wt2i00cn01sd2inu3c8d	true	40106 diff -- v4
mapbox.mapbox-terrain-v2	cmt0367vu003201qxayfw2h09	false	40107 diff -- v4
mapbox.mapbox-terrain-v2	cmt0367vu003201qxayfw2h09	true	40107 diff -- v4
mapbox.mapbox-terrain-v2	cmt04k6wt000101sgejh5d5q3	false	40201 diff -- v4
mapbox.mapbox-terrain-v2	cmt04k6wt000101sgejh5d5q3	true	40201 diff -- v4
mapbox.mapbox-terrain-v2	cmt04ti30000101shhved57po	false	40203 diff -- v4
mapbox.mapbox-terrain-v2	cmt04ti30000101shhved57po	true	40203 diff -- v4
mapbox.mapbox-terrain-v2	cmt053f73000301scc0ei0vg2	false	40204 diff -- v4
mapbox.mapbox-terrain-v2	cmt053f73000301scc0ei0vg2	true	40204 diff -- v4
mapbox.mapbox-terrain-v2	cmt05cw1k000501sc5oi14hr3	false	40205 diff -- v4
mapbox.mapbox-terrain-v2	cmt05cw1k000501sc5oi14hr3	true	40205 diff -- v4
mapbox.mapbox-terrain-v2	cmt05nvw8000601sccu5hfzxo	false	40207 diff -- v4
mapbox.mapbox-terrain-v2	cmt05nvw8000601sccu5hfzxo	true	40207 diff -- v4
mapbox.mapbox-terrain-v2	cmt05whxc000501qz3uuvd395	false	40303 diff -- v4
mapbox.mapbox-terrain-v2	cmt05whxc000501qz3uuvd395	true	40303 diff -- v4
mapbox.mapbox-terrain-v2	cmt0684aw000a01scaoedg1s7	false	40304 diff -- v4
mapbox.mapbox-terrain-v2	cmt0684aw000a01scaoedg1s7	true	40304 diff -- v4
mapbox.mapbox-terrain-v2	cmt06ia7j000f01sg5dlafrsa	false	40701 diff -- v4
mapbox.mapbox-terrain-v2	cmt06ia7j000f01sg5dlafrsa	true	40701 diff -- v4
mapbox.mapbox-terrain-v2	cmt9xkbyx00h101sc8h6181fx	false	40616 diff -- v4
mapbox.mapbox-terrain-v2	cmt9xkbyx00h101sc8h6181fx	true	40616 diff -- v4
mapbox.mapbox-terrain-v2	cmt9xtrqx00gw01qzdyyqcony	false	40703 diff -- v4
mapbox.mapbox-terrain-v2	cmt9xtrqx00gw01qzdyyqcony	true	40703 diff -- v4
mapbox.mapbox-terrain-v2	cmta2gxfu00hm01sccbosar3m	false	40616 hi-res -- v4
mapbox.mapbox-terrain-v2	cmta2gxfu00hm01sccbosar3m	true	40616 hi-res -- v4
mapbox.mapbox-terrain-v2	cmta3o9u3003201qq8ndbdz8a	false	40703 hi-res -- v4
mapbox.mapbox-terrain-v2	cmta3o9u3003201qq8ndbdz8a	true	40703 hi-res -- v4
mapbox.mapbox-terrain-v2	cmtam709s00in01qzcm5o6mcn	false	40105 era5 -- v4
mapbox.mapbox-terrain-v2	cmtam709s00in01qzcm5o6mcn	true	40105 era5 -- v4
mapbox.mapbox-terrain-v2	cmtcrugjb001n01sg4p607m14	false	40101 era5 -- v4
mapbox.mapbox-terrain-v2	cmtcrugjb001n01sg4p607m14	true	40101 era5 -- v4
mapbox.mapbox-terrain-v2	cmtcryewv001l01s1b91ndn7k	false	40102 era5 -- v4
mapbox.mapbox-terrain-v2	cmtcryewv001l01s1b91ndn7k	true	40102 era5 -- v4
mapbox.mapbox-terrain-v2	cmtcs3pw0001b01qu3xux7sqq	false	40103 era5 -- v4
mapbox.mapbox-terrain-v2	cmtcs3pw0001b01qu3xux7sqq	true	40103 era5 -- v4
mapbox.mapbox-terrain-v2	cmtcs7ezr001c01qu6d4ia0ea	false	40104 era5 -- v4
mapbox.mapbox-terrain-v2	cmtcs7ezr001c01qu6d4ia0ea	true	40104 era5 -- v4
mapbox.mapbox-terrain-v2	cmtcsba3k001r01sggi5vc2ou	false	40106 era5 -- v4
mapbox.mapbox-terrain-v2	cmtcsba3k001r01sggi5vc2ou	true	40106 era5 -- v4
mapbox.mapbox-terrain-v2	cmtcsgodl001e01qu0ri38mpw	false	40107 era5 -- v4
mapbox.mapbox-terrain-v2	cmtcsgodl001e01qu0ri38mpw	true	40107 era5 -- v4
mapbox.mapbox-terrain-v2	cmtcsmg04001r01pcegincba6	false	40201 era5 -- v4
mapbox.mapbox-terrain-v2	cmtcsmg04001r01pcegincba6	true	40201 era5 -- v4
mapbox.mapbox-terrain-v2	cmtcsrfpn001o01s13mxheptn	false	40202 era5 -- v4
mapbox.mapbox-terrain-v2	cmtcsrfpn001o01s13mxheptn	true	40202 era5 -- v4
mapbox.mapbox-terrain-v2	cmtcsvatw001q01sahk565ejx	false	40203 era5 -- v4
mapbox.mapbox-terrain-v2	cmtcsvatw001q01sahk565ejx	true	40203 era5 -- v4
mapbox.mapbox-terrain-v2	cmtcsyuee001t01sg0637auog	false	40204 era5 -- v4
mapbox.mapbox-terrain-v2	cmtcsyuee001t01sg0637auog	true	40204 era5 -- v4
mapbox.mapbox-terrain-v2	cmtct3e47000101s51vrjb7fw	false	40205 era5 -- v4
mapbox.mapbox-terrain-v2	cmtct3e47000101s51vrjb7fw	true	40205 era5 -- v4
mapbox.mapbox-terrain-v2	cmtct7r0n001t01s198jqd1fj	false	40206 era5 -- v4
mapbox.mapbox-terrain-v2	cmtct7r0n001t01s198jqd1fj	true	40206 era5 -- v4
mapbox.mapbox-terrain-v2	cmtctdfjo001s01saax88c116	false	40207 era5 -- v4
mapbox.mapbox-terrain-v2	cmtctdfjo001s01saax88c116	true	40207 era5 -- v4
mapbox.mapbox-terrain-v2	cmth9c5v9006b01s5c3ni4krz	false	40305 era5 -- v4
mapbox.mapbox-terrain-v2	cmth9c5v9006b01s5c3ni4krz	true	40305 era5 -- v4
mapbox.mapbox-terrain-v2	cmth9hhhc008i01qt53pg8jty	false	40301 era5 -- v4
mapbox.mapbox-terrain-v2	cmth9hhhc008i01qt53pg8jty	true	40301 era5 -- v4
mapbox.mapbox-terrain-v2	cmth9lorw007z01s10f2h068d	false	40302 era5 -- v4
mapbox.mapbox-terrain-v2	cmth9lorw007z01s10f2h068d	true	40302 era5 -- v4
mapbox.mapbox-terrain-v2	cmth9v0a7008k01qtcmqa1r61	false	40303 era5 -- v4
mapbox.mapbox-terrain-v2	cmth9v0a7008k01qtcmqa1r61	true	40303 era5 -- v4
mapbox.mapbox-terrain-v2	cmth9ytm8007z01qufg3j4bac	false	40304 era5 -- v4
mapbox.mapbox-terrain-v2	cmth9ytm8007z01qufg3j4bac	true	40304 era5 -- v4
mapbox.mapbox-terrain-v2	cmthf0wyk006s01s52u11c0dl	false	40601 era5 -- v4
mapbox.mapbox-terrain-v2	cmthf0wyk006s01s52u11c0dl	true	40601 era5 -- v4
mapbox.mapbox-terrain-v2	cmthf4eca009301qt9k4w180i	false	40607 era5 -- v4
mapbox.mapbox-terrain-v2	cmthf4eca009301qt9k4w180i	true	40607 era5 -- v4
mapbox.mapbox-terrain-v2	cmthf82qt008w01sghyxvci7o	false	40613 era5 -- v4
mapbox.mapbox-terrain-v2	cmthf82qt008w01sghyxvci7o	true	40613 era5 -- v4
mapbox.mapbox-terrain-v2	cmthfbvuv008l01s1f2b0a7w9	false	40614 era5 -- v4
mapbox.mapbox-terrain-v2	cmthfbvuv008l01s1f2b0a7w9	true	40614 era5 -- v4
mapbox.mapbox-terrain-v2	cmthffg4i008m01s1037f1gqi	false	40616 era5 -- v4
mapbox.mapbox-terrain-v2	cmthffg4i008m01s1037f1gqi	true	40616 era5 -- v4
mapbox.mapbox-terrain-v2	cmtinyy5n00br01qtexnz1blu	false	40601 v3abs -- v4
mapbox.mapbox-terrain-v2	cmtinyy5n00br01qtexnz1blu	true	40601 v3abs -- v4
mapbox.mapbox-terrain-v2	cmtio50gy008x01s5fwswcxg8	false	40614 v3abs -- v4
mapbox.mapbox-terrain-v2	cmtio50gy008x01s5fwswcxg8	true	40614 v3abs -- v4
mapbox.mapbox-terrain-v2	cmtio9u2c00b501sgc1bx6sn7	false	40616 v3abs -- v4
mapbox.mapbox-terrain-v2	cmtio9u2c00b501sgc1bx6sn7	true	40616 v3abs -- v4
mapbox.mapbox-terrain-v2	cmtiovs2g00bt01qtcqzkdgt6	false	40601 abs -- v4
mapbox.mapbox-terrain-v2	cmtiovs2g00bt01qtcqzkdgt6	true	40601 abs -- v4
mapbox.mapbox-terrain-v2	cmtip54yu00au01qu0u4k7c0c	false	40614 abs -- v4
mapbox.mapbox-terrain-v2	cmtip54yu00au01qu0u4k7c0c	true	40614 abs -- v4
mapbox.mapbox-terrain-v2	cmtiphoos00b701sg201h20v8	false	40616 abs -- v4
mapbox.mapbox-terrain-v2	cmtiphoos00b701sg201h20v8	true	40616 abs -- v4
mapbox.terrain-rgb	cki5ur8g0503s19qqxfuvcjtk	false	GCM: Number of Days above 32°C (90°F) -- For About Maps comparison map (Behind the maps page)
mapbox.terrain-rgb	cki5ur8g0503s19qqxfuvcjtk	true	GCM: Number of Days above 32°C (90°F) -- For About Maps comparison map (Behind the maps page)
probablefutures.10105	clbox5eve000f14qrbn92ois5	false	GCM: Number of Days above 32°C (90°F) -- For About Maps comparison map (Behind the maps page) -- v1
probablefutures.10105	clbox5eve000f14qrbn92ois5	true	GCM: Number of Days above 32°C (90°F) -- For About Maps comparison map (Behind the maps page) -- v1
probablefutures.20101-east-v1	cl5cfl67r000115nlqinn4msy	false	Average Temperature -- global REMO -- v1
probablefutures.20101-east-v1	cl5cfl67r000115nlqinn4msy	true	Average Temperature -- global REMO -- v1
probablefutures.20101-west-v1	cl5cfl67r000115nlqinn4msy	false	Average Temperature -- global REMO -- v1
probablefutures.20101-west-v1	cl5cfl67r000115nlqinn4msy	true	Average Temperature -- global REMO -- v1
probablefutures.20103-east-v1	cl5avrgpb00an14qpdi77c7b0	false	10 hottest days -- global REMO -- v1
probablefutures.20103-east-v1	cl5avrgpb00an14qpdi77c7b0	true	10 hottest days -- global REMO -- v1
probablefutures.20103-west-v1	cl5avrgpb00an14qpdi77c7b0	false	10 hottest days -- global REMO -- v1
probablefutures.20103-west-v1	cl5avrgpb00an14qpdi77c7b0	true	10 hottest days -- global REMO -- v1
probablefutures.20104-east-temp-gremo	ckna63myn0p3817mr9sqoigt2	false	REMO: Days above 32C - 3°C (for comparison map)
probablefutures.20104-east-temp-gremo	ckna63myn0p3817mr9sqoigt2	true	REMO: Days above 32C - 3°C (for comparison map)
probablefutures.20104-east-temp-gremo	ckp719noh0kq017kjgnx384vc	false	REMO: Days above 32C - Baseline (for comparison map)
probablefutures.20104-east-temp-gremo	ckp719noh0kq017kjgnx384vc	true	REMO: Days above 32C - Baseline (for comparison map)
probablefutures.20104-east-temp-gremo	ckry0kho855fn18rzkw6si26u	false	REMO: Days above 32C -- For About Maps comparison map (Behind the maps page)
probablefutures.20104-east-temp-gremo	ckry0kho855fn18rzkw6si26u	true	REMO: Days above 32C -- For About Maps comparison map (Behind the maps page)
probablefutures.20104-east-temp-gremo	clboxnlb4002e14n5rcbf9ocb	false	REMO: Days above 32C -- For About Maps comparison map (Behind the maps page)-copy
probablefutures.20104-east-temp-gremo	clboxnlb4002e14n5rcbf9ocb	true	REMO: Days above 32C -- For About Maps comparison map (Behind the maps page)-copy
probablefutures.20104-east-v1	cl5apepmb004g14pd1fyy5wdz	false	Days above 32°C (90°F) -- global REMO -- v1
probablefutures.20104-east-v1	cl5apepmb004g14pd1fyy5wdz	true	Days above 32°C (90°F) -- global REMO -- v1
probablefutures.20104-west-temp-gremo	ckna63myn0p3817mr9sqoigt2	false	REMO: Days above 32C - 3°C (for comparison map)
probablefutures.20104-west-temp-gremo	ckna63myn0p3817mr9sqoigt2	true	REMO: Days above 32C - 3°C (for comparison map)
probablefutures.20104-west-temp-gremo	ckp719noh0kq017kjgnx384vc	false	REMO: Days above 32C - Baseline (for comparison map)
probablefutures.20104-west-temp-gremo	ckp719noh0kq017kjgnx384vc	true	REMO: Days above 32C - Baseline (for comparison map)
probablefutures.20104-west-temp-gremo	ckry0kho855fn18rzkw6si26u	false	REMO: Days above 32C -- For About Maps comparison map (Behind the maps page)
probablefutures.20104-west-temp-gremo	ckry0kho855fn18rzkw6si26u	true	REMO: Days above 32C -- For About Maps comparison map (Behind the maps page)
probablefutures.20104-west-temp-gremo	clboxnlb4002e14n5rcbf9ocb	false	REMO: Days above 32C -- For About Maps comparison map (Behind the maps page)-copy
probablefutures.20104-west-temp-gremo	clboxnlb4002e14n5rcbf9ocb	true	REMO: Days above 32C -- For About Maps comparison map (Behind the maps page)-copy
probablefutures.20104-west-v1	cl5apepmb004g14pd1fyy5wdz	false	Days above 32°C (90°F) -- global REMO -- v1
probablefutures.20104-west-v1	cl5apepmb004g14pd1fyy5wdz	true	Days above 32°C (90°F) -- global REMO -- v1
probablefutures.20201-east-v1	cl5cfboxp000214pg38v112va	false	Days above 35°C (95°F) -- global REMO -- v1
probablefutures.20201-east-v1	cl5cfboxp000214pg38v112va	true	Days above 35°C (95°F) -- global REMO -- v1
probablefutures.20201-west-v1	cl5cfboxp000214pg38v112va	false	Days above 35°C (95°F) -- global REMO -- v1
probablefutures.20201-west-v1	cl5cfboxp000214pg38v112va	true	Days above 35°C (95°F) -- global REMO -- v1
probablefutures.20203-east-v1	cl5awme5i002t14mooj4vv9md	false	Nights above 20°C (68°F) -- global REMO -- v1
probablefutures.20203-east-v1	cl5awme5i002t14mooj4vv9md	true	Nights above 20°C (68°F) -- global REMO -- v1
probablefutures.20203-west-v1	cl5awme5i002t14mooj4vv9md	false	Nights above 20°C (68°F) -- global REMO -- v1
probablefutures.20203-west-v1	cl5awme5i002t14mooj4vv9md	true	Nights above 20°C (68°F) -- global REMO -- v1
probablefutures.20204-east-v1	cl5awq2z0002u14mo4rso1wol	false	Nights above 25°C (77°F) -- global REMO -- v1
probablefutures.20204-east-v1	cl5awq2z0002u14mo4rso1wol	true	Nights above 25°C (77°F) -- global REMO -- v1
probablefutures.20204-west-v1	cl5awq2z0002u14mo4rso1wol	false	Nights above 25°C (77°F) -- global REMO -- v1
probablefutures.20204-west-v1	cl5awq2z0002u14mo4rso1wol	true	Nights above 25°C (77°F) -- global REMO -- v1
probablefutures.20205-east-v1	cl5cfpqmi000414pgtdej8ub6	false	Freezing days -- global REMO -- v1
probablefutures.20205-east-v1	cl5cfpqmi000414pgtdej8ub6	true	Freezing days -- global REMO -- v1
probablefutures.20205-west-v1	cl5cfpqmi000414pgtdej8ub6	false	Freezing days -- global REMO -- v1
probablefutures.20205-west-v1	cl5cfpqmi000414pgtdej8ub6	true	Freezing days -- global REMO -- v1
probablefutures.20301-east-heat-gremo	ckr2dva3m63h517pfsfc7l9ra	false	REMO: Days above 26C wetbulb - Baseline (for comparison map -- A Tour of Temperature page -- Singapore center)
probablefutures.20301-east-heat-gremo	ckr2dva3m63h517pfsfc7l9ra	true	REMO: Days above 26C wetbulb - Baseline (for comparison map -- A Tour of Temperature page -- Singapore center)
probablefutures.20301-east-heat-gremo	ckr2e6thh0gng17lrvxnixthw	false	REMO: Days above 26C wetbulb - 3°C (for comparison map -- A Tour of Temperature page -- Singapore center)
probablefutures.20301-east-heat-gremo	ckr2e6thh0gng17lrvxnixthw	true	REMO: Days above 26C wetbulb - 3°C (for comparison map -- A Tour of Temperature page -- Singapore center)
probablefutures.20301-west-heat-gremo	ckr2dva3m63h517pfsfc7l9ra	false	REMO: Days above 26C wetbulb - Baseline (for comparison map -- A Tour of Temperature page -- Singapore center)
probablefutures.20301-west-heat-gremo	ckr2dva3m63h517pfsfc7l9ra	true	REMO: Days above 26C wetbulb - Baseline (for comparison map -- A Tour of Temperature page -- Singapore center)
probablefutures.20301-west-heat-gremo	ckr2e6thh0gng17lrvxnixthw	false	REMO: Days above 26C wetbulb - 3°C (for comparison map -- A Tour of Temperature page -- Singapore center)
probablefutures.20301-west-heat-gremo	ckr2e6thh0gng17lrvxnixthw	true	REMO: Days above 26C wetbulb - 3°C (for comparison map -- A Tour of Temperature page -- Singapore center)
probablefutures.20401-east-v1	cl5ccqzez003p14o1owby930o	false	Annual likelihood of 6-month extreme drought -- global REMO -- v1
probablefutures.20401-east-v1	cl5ccqzez003p14o1owby930o	true	Annual likelihood of 6-month extreme drought -- global REMO -- v1
probablefutures.20401-west-v1	cl5ccqzez003p14o1owby930o	false	Annual likelihood of 6-month extreme drought -- global REMO -- v1
probablefutures.20401-west-v1	cl5ccqzez003p14o1owby930o	true	Annual likelihood of 6-month extreme drought -- global REMO -- v1
probablefutures.20701-east-v1	cl7fwv8nf000i14qzu8m50533	false	Likelihood of extreme annual drought - no barren lands -- global REMO -- v1
probablefutures.20701-east-v1	cl7fwv8nf000i14qzu8m50533	true	Likelihood of extreme annual drought - no barren lands -- global REMO -- v1
probablefutures.20701-west-v1	cl7fwv8nf000i14qzu8m50533	false	Likelihood of extreme annual drought - no barren lands -- global REMO -- v1
probablefutures.20701-west-v1	cl7fwv8nf000i14qzu8m50533	true	Likelihood of extreme annual drought - no barren lands -- global REMO -- v1
probablefutures.20702-east-v1	cl7fx17mz000m14o7n64ocrgp	false	Likelihood of no annual drought conditions - no barren lands -- global REMO -- v1
probablefutures.20702-east-v1	cl7fx17mz000m14o7n64ocrgp	true	Likelihood of no annual drought conditions - no barren lands -- global REMO -- v1
probablefutures.20702-west-v1	cl7fx17mz000m14o7n64ocrgp	false	Likelihood of no annual drought conditions - no barren lands -- global REMO -- v1
probablefutures.20702-west-v1	cl7fx17mz000m14o7n64ocrgp	true	Likelihood of no annual drought conditions - no barren lands -- global REMO -- v1
probablefutures.40101-diff-east-v4	cmszwsyju00a301qy7ut1a713	false	40101 diff -- v4
probablefutures.40101-diff-east-v4	cmszwsyju00a301qy7ut1a713	true	40101 diff -- v4
probablefutures.40101-diff-p02-east-v4	cmszwsyju00a301qy7ut1a713	false	40101 diff -- v4
probablefutures.40101-diff-p02-east-v4	cmszwsyju00a301qy7ut1a713	true	40101 diff -- v4
probablefutures.40101-diff-p02-west-v4	cmszwsyju00a301qy7ut1a713	false	40101 diff -- v4
probablefutures.40101-diff-p02-west-v4	cmszwsyju00a301qy7ut1a713	true	40101 diff -- v4
probablefutures.40101-diff-p08-east-v4	cmszwsyju00a301qy7ut1a713	false	40101 diff -- v4
probablefutures.40101-diff-p08-east-v4	cmszwsyju00a301qy7ut1a713	true	40101 diff -- v4
probablefutures.40101-diff-p08-west-v4	cmszwsyju00a301qy7ut1a713	false	40101 diff -- v4
probablefutures.40101-diff-p08-west-v4	cmszwsyju00a301qy7ut1a713	true	40101 diff -- v4
probablefutures.40101-diff-west-v4	cmszwsyju00a301qy7ut1a713	false	40101 diff -- v4
probablefutures.40101-diff-west-v4	cmszwsyju00a301qy7ut1a713	true	40101 diff -- v4
probablefutures.40101-east-v1	cl59gpzny00e814llii4s2wlu	false	Average Temperature -- global RCM RegCM-REMO ensemble -- v1
probablefutures.40101-east-v1	cl59gpzny00e814llii4s2wlu	true	Average Temperature -- global RCM RegCM-REMO ensemble -- v1
probablefutures.40101-east-v2	cle5ethd3000x01qtrgko6fmv	false	Average Temperature -- v2
probablefutures.40101-east-v2	cle5ethd3000x01qtrgko6fmv	true	Average Temperature -- v2
probablefutures.40101-east-v2	clg417c2r002e01qp5hdn21pl	false	Average Temperature -- v2-copy
probablefutures.40101-east-v2	clg417c2r002e01qp5hdn21pl	true	Average Temperature -- v2-copy
probablefutures.40101-east-v2	clguxgc01001c01pfe4hm2i78	false	Average Temperature -- v2-copy-copy
probablefutures.40101-east-v2	clguxgc01001c01pfe4hm2i78	true	Average Temperature -- v2-copy-copy
probablefutures.40101-east-v2	clguz0sqm009c01pb2t6oh2rr	false	Average Temperature -- v2-copy-copy
probablefutures.40101-east-v2	clguz0sqm009c01pb2t6oh2rr	true	Average Temperature -- v2-copy-copy
probablefutures.40101-east-v2	clh6ey7in001g01qvhduy01gz	false	Average Temperature -- v2-copy-copy atmosphere playground 2-copy
probablefutures.40101-east-v2	clh6ey7in001g01qvhduy01gz	true	Average Temperature -- v2-copy-copy atmosphere playground 2-copy
probablefutures.40101-east-v2	clh6f2g6w009g01qjaumx61cn	false	Globe option: Brand black space, globe illos gray low atmos -- Average Temperature -- v2-copy
probablefutures.40101-east-v2	clh6f2g6w009g01qjaumx61cn	true	Globe option: Brand black space, globe illos gray low atmos -- Average Temperature -- v2-copy
probablefutures.40101-east-v2	clh6f6fzf009j01qjg5zw8pcm	false	Globe option: Zero-bin gray space, globe illos gray low atmos -- Average Temperature -- v2-copy-copy
probablefutures.40101-east-v2	clh6f6fzf009j01qjg5zw8pcm	true	Globe option: Zero-bin gray space, globe illos gray low atmos -- Average Temperature -- v2-copy-copy
probablefutures.40101-east-v2	clh6f81j001gt01paa1e54jea	false	Globe option: Brand black space and atmos -- Average Temperature -- v2-copy
probablefutures.40101-east-v2	clh6f81j001gt01paa1e54jea	true	Globe option: Brand black space and atmos -- Average Temperature -- v2-copy
probablefutures.40101-east-v2	clh6fhdag01ff01p85ckp2lyo	false	Globe option: Globe-illos gray space and both atmos -- Average Temperature -- v2-copy
probablefutures.40101-east-v2	clh6fhdag01ff01p85ckp2lyo	true	Globe option: Globe-illos gray space and both atmos -- Average Temperature -- v2-copy
probablefutures.40101-east-v3	clhyqgvkg004i01obb8pm9zto	false	Average Temperature -- v3
probablefutures.40101-east-v3	clhyqgvkg004i01obb8pm9zto	true	Average Temperature -- v3
probablefutures.40101-east-v3-m-m	cmhjg1ml100e501r82bnv4e0j	false	Average Temperature -- v3-m-m
probablefutures.40101-east-v3-m-m	cmhjg1ml100e501r82bnv4e0j	true	Average Temperature -- v3-m-m
probablefutures.40101-era5-east-v4	cmtcrugjb001n01sg4p607m14	false	40101 era5 -- v4
probablefutures.40101-era5-east-v4	cmtcrugjb001n01sg4p607m14	true	40101 era5 -- v4
probablefutures.40101-era5-west-v4	cmtcrugjb001n01sg4p607m14	false	40101 era5 -- v4
probablefutures.40101-era5-west-v4	cmtcrugjb001n01sg4p607m14	true	40101 era5 -- v4
probablefutures.40101-hires-east-v4	cmsnfp9q0015201sd9o0l24d1	false	40101 hi-res -- v4
probablefutures.40101-hires-east-v4	cmsnfp9q0015201sd9o0l24d1	true	40101 hi-res -- v4
probablefutures.40101-hires-p02-east-v4	cmsnfp9q0015201sd9o0l24d1	false	40101 hi-res -- v4
probablefutures.40101-hires-p02-east-v4	cmsnfp9q0015201sd9o0l24d1	true	40101 hi-res -- v4
probablefutures.40101-hires-p02-west-v4	cmsnfp9q0015201sd9o0l24d1	false	40101 hi-res -- v4
probablefutures.40101-hires-p02-west-v4	cmsnfp9q0015201sd9o0l24d1	true	40101 hi-res -- v4
probablefutures.40101-hires-p08-east-v4	cmsnfp9q0015201sd9o0l24d1	false	40101 hi-res -- v4
probablefutures.40101-hires-p08-east-v4	cmsnfp9q0015201sd9o0l24d1	true	40101 hi-res -- v4
probablefutures.40101-hires-p08-west-v4	cmsnfp9q0015201sd9o0l24d1	false	40101 hi-res -- v4
probablefutures.40101-hires-p08-west-v4	cmsnfp9q0015201sd9o0l24d1	true	40101 hi-res -- v4
probablefutures.40101-hires-west-v4	cmsnfp9q0015201sd9o0l24d1	false	40101 hi-res -- v4
probablefutures.40101-hires-west-v4	cmsnfp9q0015201sd9o0l24d1	true	40101 hi-res -- v4
probablefutures.40101-west-v1	cl59gpzny00e814llii4s2wlu	false	Average Temperature -- global RCM RegCM-REMO ensemble -- v1
probablefutures.40101-west-v1	cl59gpzny00e814llii4s2wlu	true	Average Temperature -- global RCM RegCM-REMO ensemble -- v1
probablefutures.40101-west-v2	cle5ethd3000x01qtrgko6fmv	false	Average Temperature -- v2
probablefutures.40101-west-v2	cle5ethd3000x01qtrgko6fmv	true	Average Temperature -- v2
probablefutures.40101-west-v2	clg417c2r002e01qp5hdn21pl	false	Average Temperature -- v2-copy
probablefutures.40101-west-v2	clg417c2r002e01qp5hdn21pl	true	Average Temperature -- v2-copy
probablefutures.40101-west-v2	clguxgc01001c01pfe4hm2i78	false	Average Temperature -- v2-copy-copy
probablefutures.40101-west-v2	clguxgc01001c01pfe4hm2i78	true	Average Temperature -- v2-copy-copy
probablefutures.40101-west-v2	clguz0sqm009c01pb2t6oh2rr	false	Average Temperature -- v2-copy-copy
probablefutures.40101-west-v2	clguz0sqm009c01pb2t6oh2rr	true	Average Temperature -- v2-copy-copy
probablefutures.40101-west-v2	clh6ey7in001g01qvhduy01gz	false	Average Temperature -- v2-copy-copy atmosphere playground 2-copy
probablefutures.40101-west-v2	clh6ey7in001g01qvhduy01gz	true	Average Temperature -- v2-copy-copy atmosphere playground 2-copy
probablefutures.40101-west-v2	clh6f2g6w009g01qjaumx61cn	false	Globe option: Brand black space, globe illos gray low atmos -- Average Temperature -- v2-copy
probablefutures.40101-west-v2	clh6f2g6w009g01qjaumx61cn	true	Globe option: Brand black space, globe illos gray low atmos -- Average Temperature -- v2-copy
probablefutures.40101-west-v2	clh6f6fzf009j01qjg5zw8pcm	false	Globe option: Zero-bin gray space, globe illos gray low atmos -- Average Temperature -- v2-copy-copy
probablefutures.40101-west-v2	clh6f6fzf009j01qjg5zw8pcm	true	Globe option: Zero-bin gray space, globe illos gray low atmos -- Average Temperature -- v2-copy-copy
probablefutures.40101-west-v2	clh6f81j001gt01paa1e54jea	false	Globe option: Brand black space and atmos -- Average Temperature -- v2-copy
probablefutures.40101-west-v2	clh6f81j001gt01paa1e54jea	true	Globe option: Brand black space and atmos -- Average Temperature -- v2-copy
probablefutures.40101-west-v2	clh6fhdag01ff01p85ckp2lyo	false	Globe option: Globe-illos gray space and both atmos -- Average Temperature -- v2-copy
probablefutures.40101-west-v2	clh6fhdag01ff01p85ckp2lyo	true	Globe option: Globe-illos gray space and both atmos -- Average Temperature -- v2-copy
probablefutures.40101-west-v3	clhyqgvkg004i01obb8pm9zto	false	Average Temperature -- v3
probablefutures.40101-west-v3	clhyqgvkg004i01obb8pm9zto	true	Average Temperature -- v3
probablefutures.40101-west-v3-m-m	cmhjg1ml100e501r82bnv4e0j	false	Average Temperature -- v3-m-m
probablefutures.40101-west-v3-m-m	cmhjg1ml100e501r82bnv4e0j	true	Average Temperature -- v3-m-m
probablefutures.40102-diff-east-v4	cmt02f1f000ew01seczxx74zo	false	40102 diff -- v4
probablefutures.40102-diff-east-v4	cmt02f1f000ew01seczxx74zo	true	40102 diff -- v4
probablefutures.40102-diff-p02-east-v4	cmt02f1f000ew01seczxx74zo	false	40102 diff -- v4
probablefutures.40102-diff-p02-east-v4	cmt02f1f000ew01seczxx74zo	true	40102 diff -- v4
probablefutures.40102-diff-p02-west-v4	cmt02f1f000ew01seczxx74zo	false	40102 diff -- v4
probablefutures.40102-diff-p02-west-v4	cmt02f1f000ew01seczxx74zo	true	40102 diff -- v4
probablefutures.40102-diff-p08-east-v4	cmt02f1f000ew01seczxx74zo	false	40102 diff -- v4
probablefutures.40102-diff-p08-east-v4	cmt02f1f000ew01seczxx74zo	true	40102 diff -- v4
probablefutures.40102-diff-p08-west-v4	cmt02f1f000ew01seczxx74zo	false	40102 diff -- v4
probablefutures.40102-diff-p08-west-v4	cmt02f1f000ew01seczxx74zo	true	40102 diff -- v4
probablefutures.40102-diff-west-v4	cmt02f1f000ew01seczxx74zo	false	40102 diff -- v4
probablefutures.40102-diff-west-v4	cmt02f1f000ew01seczxx74zo	true	40102 diff -- v4
probablefutures.40102-east-v1	cl59hjp67000u14o5o2wokukw	false	Average daytime temperature -- global RCM RegCM-REMO ensemble -- v1
probablefutures.40102-east-v1	cl59hjp67000u14o5o2wokukw	true	Average daytime temperature -- global RCM RegCM-REMO ensemble -- v1
probablefutures.40102-east-v2	cle5fqrhd002q01qmcd7rk940	false	Average daytime temperature -- v2
probablefutures.40102-east-v2	cle5fqrhd002q01qmcd7rk940	true	Average daytime temperature -- v2
probablefutures.40102-east-v3	clhyqxusn00aq01qseqtc3om9	false	Average daytime temperature -- v3
probablefutures.40102-east-v3	clhyqxusn00aq01qseqtc3om9	true	Average daytime temperature -- v3
probablefutures.40102-era5-east-v4	cmtcryewv001l01s1b91ndn7k	false	40102 era5 -- v4
probablefutures.40102-era5-east-v4	cmtcryewv001l01s1b91ndn7k	true	40102 era5 -- v4
probablefutures.40102-era5-west-v4	cmtcryewv001l01s1b91ndn7k	false	40102 era5 -- v4
probablefutures.40102-era5-west-v4	cmtcryewv001l01s1b91ndn7k	true	40102 era5 -- v4
probablefutures.40102-hires-east-v4	cmsyfqhxj00ad01se70pc8m8q	false	40102 hi-res -- v4
probablefutures.40102-hires-east-v4	cmsyfqhxj00ad01se70pc8m8q	true	40102 hi-res -- v4
probablefutures.40102-hires-p02-east-v4	cmsyfqhxj00ad01se70pc8m8q	false	40102 hi-res -- v4
probablefutures.40102-hires-p02-east-v4	cmsyfqhxj00ad01se70pc8m8q	true	40102 hi-res -- v4
probablefutures.40102-hires-p02-west-v4	cmsyfqhxj00ad01se70pc8m8q	false	40102 hi-res -- v4
probablefutures.40102-hires-p02-west-v4	cmsyfqhxj00ad01se70pc8m8q	true	40102 hi-res -- v4
probablefutures.40102-hires-p08-east-v4	cmsyfqhxj00ad01se70pc8m8q	false	40102 hi-res -- v4
probablefutures.40102-hires-p08-east-v4	cmsyfqhxj00ad01se70pc8m8q	true	40102 hi-res -- v4
probablefutures.40102-hires-p08-west-v4	cmsyfqhxj00ad01se70pc8m8q	false	40102 hi-res -- v4
probablefutures.40102-hires-p08-west-v4	cmsyfqhxj00ad01se70pc8m8q	true	40102 hi-res -- v4
probablefutures.40102-hires-west-v4	cmsyfqhxj00ad01se70pc8m8q	false	40102 hi-res -- v4
probablefutures.40102-hires-west-v4	cmsyfqhxj00ad01se70pc8m8q	true	40102 hi-res -- v4
probablefutures.40102-west-v1	cl59hjp67000u14o5o2wokukw	false	Average daytime temperature -- global RCM RegCM-REMO ensemble -- v1
probablefutures.40102-west-v1	cl59hjp67000u14o5o2wokukw	true	Average daytime temperature -- global RCM RegCM-REMO ensemble -- v1
probablefutures.40102-west-v2	cle5fqrhd002q01qmcd7rk940	false	Average daytime temperature -- v2
probablefutures.40102-west-v2	cle5fqrhd002q01qmcd7rk940	true	Average daytime temperature -- v2
probablefutures.40102-west-v3	clhyqxusn00aq01qseqtc3om9	false	Average daytime temperature -- v3
probablefutures.40102-west-v3	clhyqxusn00aq01qseqtc3om9	true	Average daytime temperature -- v3
probablefutures.40103-diff-east-v4	cmt02nc1o00ex01se3pnjephc	false	40103 diff -- v4
probablefutures.40103-diff-east-v4	cmt02nc1o00ex01se3pnjephc	true	40103 diff -- v4
probablefutures.40103-diff-p02-east-v4	cmt02nc1o00ex01se3pnjephc	false	40103 diff -- v4
probablefutures.40103-diff-p02-east-v4	cmt02nc1o00ex01se3pnjephc	true	40103 diff -- v4
probablefutures.40103-diff-p02-west-v4	cmt02nc1o00ex01se3pnjephc	false	40103 diff -- v4
probablefutures.40103-diff-p02-west-v4	cmt02nc1o00ex01se3pnjephc	true	40103 diff -- v4
probablefutures.40103-diff-p08-east-v4	cmt02nc1o00ex01se3pnjephc	false	40103 diff -- v4
probablefutures.40103-diff-p08-east-v4	cmt02nc1o00ex01se3pnjephc	true	40103 diff -- v4
probablefutures.40103-diff-p08-west-v4	cmt02nc1o00ex01se3pnjephc	false	40103 diff -- v4
probablefutures.40103-diff-p08-west-v4	cmt02nc1o00ex01se3pnjephc	true	40103 diff -- v4
probablefutures.40103-diff-west-v4	cmt02nc1o00ex01se3pnjephc	false	40103 diff -- v4
probablefutures.40103-diff-west-v4	cmt02nc1o00ex01se3pnjephc	true	40103 diff -- v4
probablefutures.40103-east-v1	cl59lfhsw004n14n7uivj4q6k	false	10 hottest days -- global RCM RegCM-REMO ensemble -- v1
probablefutures.40103-east-v1	cl59lfhsw004n14n7uivj4q6k	true	10 hottest days -- global RCM RegCM-REMO ensemble -- v1
probablefutures.40103-east-v2	cle5gr70l000m01o399u73k8y	false	10 hottest days -- v2
probablefutures.40103-east-v2	cle5gr70l000m01o399u73k8y	true	10 hottest days -- v2
probablefutures.40103-east-v3	clhyr2h5b025l01r0f0xa9kzb	false	10 hottest days -- v3
probablefutures.40103-east-v3	clhyr2h5b025l01r0f0xa9kzb	true	10 hottest days -- v3
probablefutures.40103-era5-east-v4	cmtcs3pw0001b01qu3xux7sqq	false	40103 era5 -- v4
probablefutures.40103-era5-east-v4	cmtcs3pw0001b01qu3xux7sqq	true	40103 era5 -- v4
probablefutures.40103-era5-west-v4	cmtcs3pw0001b01qu3xux7sqq	false	40103 era5 -- v4
probablefutures.40103-era5-west-v4	cmtcs3pw0001b01qu3xux7sqq	true	40103 era5 -- v4
probablefutures.40103-hires-east-v4	cmsyg48fd00af01see49gcigg	false	40103 hi-res -- v4
probablefutures.40103-hires-east-v4	cmsyg48fd00af01see49gcigg	true	40103 hi-res -- v4
probablefutures.40103-hires-p02-east-v4	cmsyg48fd00af01see49gcigg	false	40103 hi-res -- v4
probablefutures.40103-hires-p02-east-v4	cmsyg48fd00af01see49gcigg	true	40103 hi-res -- v4
probablefutures.40103-hires-p02-west-v4	cmsyg48fd00af01see49gcigg	false	40103 hi-res -- v4
probablefutures.40103-hires-p02-west-v4	cmsyg48fd00af01see49gcigg	true	40103 hi-res -- v4
probablefutures.40103-hires-p08-east-v4	cmsyg48fd00af01see49gcigg	false	40103 hi-res -- v4
probablefutures.40103-hires-p08-east-v4	cmsyg48fd00af01see49gcigg	true	40103 hi-res -- v4
probablefutures.40103-hires-p08-west-v4	cmsyg48fd00af01see49gcigg	false	40103 hi-res -- v4
probablefutures.40103-hires-p08-west-v4	cmsyg48fd00af01see49gcigg	true	40103 hi-res -- v4
probablefutures.40103-hires-west-v4	cmsyg48fd00af01see49gcigg	false	40103 hi-res -- v4
probablefutures.40103-hires-west-v4	cmsyg48fd00af01see49gcigg	true	40103 hi-res -- v4
probablefutures.40103-west-v1	cl59lfhsw004n14n7uivj4q6k	false	10 hottest days -- global RCM RegCM-REMO ensemble -- v1
probablefutures.40103-west-v1	cl59lfhsw004n14n7uivj4q6k	true	10 hottest days -- global RCM RegCM-REMO ensemble -- v1
probablefutures.40103-west-v2	cle5gr70l000m01o399u73k8y	false	10 hottest days -- v2
probablefutures.40103-west-v2	cle5gr70l000m01o399u73k8y	true	10 hottest days -- v2
probablefutures.40103-west-v3	clhyr2h5b025l01r0f0xa9kzb	false	10 hottest days -- v3
probablefutures.40103-west-v3	clhyr2h5b025l01r0f0xa9kzb	true	10 hottest days -- v3
probablefutures.40104-diff-east-v4	cmszx1mop00e601se16l16u0x	false	40104 diff -- v4
probablefutures.40104-diff-east-v4	cmszx1mop00e601se16l16u0x	true	40104 diff -- v4
probablefutures.40104-diff-p02-east-v4	cmszx1mop00e601se16l16u0x	false	40104 diff -- v4
probablefutures.40104-diff-p02-east-v4	cmszx1mop00e601se16l16u0x	true	40104 diff -- v4
probablefutures.40104-diff-p02-west-v4	cmszx1mop00e601se16l16u0x	false	40104 diff -- v4
probablefutures.40104-diff-p02-west-v4	cmszx1mop00e601se16l16u0x	true	40104 diff -- v4
probablefutures.40104-diff-p08-east-v4	cmszx1mop00e601se16l16u0x	false	40104 diff -- v4
probablefutures.40104-diff-p08-east-v4	cmszx1mop00e601se16l16u0x	true	40104 diff -- v4
probablefutures.40104-diff-p08-west-v4	cmszx1mop00e601se16l16u0x	false	40104 diff -- v4
probablefutures.40104-diff-p08-west-v4	cmszx1mop00e601se16l16u0x	true	40104 diff -- v4
probablefutures.40104-diff-west-v4	cmszx1mop00e601se16l16u0x	false	40104 diff -- v4
probablefutures.40104-diff-west-v4	cmszx1mop00e601se16l16u0x	true	40104 diff -- v4
probablefutures.40104-east-v1	cl59m7jcm001414o1hqf8x68l	false	Days above 32°C (90°F) -- global RCM RegCM-REMO ensemble -- v1
probablefutures.40104-east-v1	cl59m7jcm001414o1hqf8x68l	true	Days above 32°C (90°F) -- global RCM RegCM-REMO ensemble -- v1
probablefutures.40104-east-v2	cldu7iyay001901pl0q2v96w9	false	Days above 32°C (90°F) -- v2
probablefutures.40104-east-v2	cldu7iyay001901pl0q2v96w9	true	Days above 32°C (90°F) -- v2
probablefutures.40104-east-v3	clhyr76qr028501pr9vjx9a1d	false	Days above 32°C (90°F) -- v3
probablefutures.40104-east-v3	clhyr76qr028501pr9vjx9a1d	true	Days above 32°C (90°F) -- v3
probablefutures.40104-east-v3-m-m	cmh7ltrj0004001r21ixsfwtj	false	Days above 32°C (90°F) -- v3-m-m
probablefutures.40104-east-v3-m-m	cmh7ltrj0004001r21ixsfwtj	true	Days above 32°C (90°F) -- v3-m-m
probablefutures.40104-era5-east-v4	cmtcs7ezr001c01qu6d4ia0ea	false	40104 era5 -- v4
probablefutures.40104-era5-east-v4	cmtcs7ezr001c01qu6d4ia0ea	true	40104 era5 -- v4
probablefutures.40104-era5-west-v4	cmtcs7ezr001c01qu6d4ia0ea	false	40104 era5 -- v4
probablefutures.40104-era5-west-v4	cmtcs7ezr001c01qu6d4ia0ea	true	40104 era5 -- v4
probablefutures.40104-hires-east-v4	cmsnfh05p014z01sd8jdoczi6	false	40104 hi-res -- v4
probablefutures.40104-hires-east-v4	cmsnfh05p014z01sd8jdoczi6	true	40104 hi-res -- v4
probablefutures.40104-hires-p02-east-v4	cmsnfh05p014z01sd8jdoczi6	false	40104 hi-res -- v4
probablefutures.40104-hires-p02-east-v4	cmsnfh05p014z01sd8jdoczi6	true	40104 hi-res -- v4
probablefutures.40104-hires-p02-west-v4	cmsnfh05p014z01sd8jdoczi6	false	40104 hi-res -- v4
probablefutures.40104-hires-p02-west-v4	cmsnfh05p014z01sd8jdoczi6	true	40104 hi-res -- v4
probablefutures.40104-hires-p08-east-v4	cmsnfh05p014z01sd8jdoczi6	false	40104 hi-res -- v4
probablefutures.40104-hires-p08-east-v4	cmsnfh05p014z01sd8jdoczi6	true	40104 hi-res -- v4
probablefutures.40104-hires-p08-west-v4	cmsnfh05p014z01sd8jdoczi6	false	40104 hi-res -- v4
probablefutures.40104-hires-p08-west-v4	cmsnfh05p014z01sd8jdoczi6	true	40104 hi-res -- v4
probablefutures.40104-hires-west-v4	cmsnfh05p014z01sd8jdoczi6	false	40104 hi-res -- v4
probablefutures.40104-hires-west-v4	cmsnfh05p014z01sd8jdoczi6	true	40104 hi-res -- v4
probablefutures.40104-west-v1	cl59m7jcm001414o1hqf8x68l	false	Days above 32°C (90°F) -- global RCM RegCM-REMO ensemble -- v1
probablefutures.40104-west-v1	cl59m7jcm001414o1hqf8x68l	true	Days above 32°C (90°F) -- global RCM RegCM-REMO ensemble -- v1
probablefutures.40104-west-v2	cldu7iyay001901pl0q2v96w9	false	Days above 32°C (90°F) -- v2
probablefutures.40104-west-v2	cldu7iyay001901pl0q2v96w9	true	Days above 32°C (90°F) -- v2
probablefutures.40104-west-v3	clhyr76qr028501pr9vjx9a1d	false	Days above 32°C (90°F) -- v3
probablefutures.40104-west-v3	clhyr76qr028501pr9vjx9a1d	true	Days above 32°C (90°F) -- v3
probablefutures.40104-west-v3-m-m	cmh7ltrj0004001r21ixsfwtj	false	Days above 32°C (90°F) -- v3-m-m
probablefutures.40104-west-v3-m-m	cmh7ltrj0004001r21ixsfwtj	true	Days above 32°C (90°F) -- v3-m-m
probablefutures.40105-diff-east-v4	cmsxpxig0006j01qya4zo4eyx	false	40105 diff -- v4
probablefutures.40105-diff-east-v4	cmsxpxig0006j01qya4zo4eyx	true	40105 diff -- v4
probablefutures.40105-diff-p02-east-v4	cmsxpxig0006j01qya4zo4eyx	false	40105 diff -- v4
probablefutures.40105-diff-p02-east-v4	cmsxpxig0006j01qya4zo4eyx	true	40105 diff -- v4
probablefutures.40105-diff-p02-west-v4	cmsxpxig0006j01qya4zo4eyx	false	40105 diff -- v4
probablefutures.40105-diff-p02-west-v4	cmsxpxig0006j01qya4zo4eyx	true	40105 diff -- v4
probablefutures.40105-diff-p08-east-v4	cmsxpxig0006j01qya4zo4eyx	false	40105 diff -- v4
probablefutures.40105-diff-p08-east-v4	cmsxpxig0006j01qya4zo4eyx	true	40105 diff -- v4
probablefutures.40105-diff-p08-west-v4	cmsxpxig0006j01qya4zo4eyx	false	40105 diff -- v4
probablefutures.40105-diff-p08-west-v4	cmsxpxig0006j01qya4zo4eyx	true	40105 diff -- v4
probablefutures.40105-diff-west-v4	cmsxpxig0006j01qya4zo4eyx	false	40105 diff -- v4
probablefutures.40105-diff-west-v4	cmsxpxig0006j01qya4zo4eyx	true	40105 diff -- v4
probablefutures.40105-east-v1	cl59mxfs9001x14lrn1wdpqbk	false	Days above 35°C (95°F) -- global RCM RegCM-REMO ensemble -- v1
probablefutures.40105-east-v1	cl59mxfs9001x14lrn1wdpqbk	true	Days above 35°C (95°F) -- global RCM RegCM-REMO ensemble -- v1
probablefutures.40105-east-v2	cle5i7fwp003c01qgbsqmg1tj	false	Days above 35°C (95°F) -- v2
probablefutures.40105-east-v2	cle5i7fwp003c01qgbsqmg1tj	true	Days above 35°C (95°F) -- v2
probablefutures.40105-east-v3	clhyrro7r028j01quaigo1l8g	false	Days above 35°C (95°F) -- v3
probablefutures.40105-east-v3	clhyrro7r028j01quaigo1l8g	true	Days above 35°C (95°F) -- v3
probablefutures.40105-east-v3-2	cmseu7fvp00gq01s8e3ev2e73	false	Days above 35°C (95°F) -- v3
probablefutures.40105-east-v3-2	cmseu7fvp00gq01s8e3ev2e73	true	Days above 35°C (95°F) -- v3
probablefutures.40105-era5-east-v4	cmtam709s00in01qzcm5o6mcn	false	40105 era5 -- v4
probablefutures.40105-era5-east-v4	cmtam709s00in01qzcm5o6mcn	true	40105 era5 -- v4
probablefutures.40105-era5-west-v4	cmtam709s00in01qzcm5o6mcn	false	40105 era5 -- v4
probablefutures.40105-era5-west-v4	cmtam709s00in01qzcm5o6mcn	true	40105 era5 -- v4
probablefutures.40105-hires-east-v4	cmsnf627o014x01sd6wnoa5bl	false	40105 hi-res -- v4
probablefutures.40105-hires-east-v4	cmsnf627o014x01sd6wnoa5bl	true	40105 hi-res -- v4
probablefutures.40105-hires-p02-east-v4	cmsnf627o014x01sd6wnoa5bl	false	40105 hi-res -- v4
probablefutures.40105-hires-p02-east-v4	cmsnf627o014x01sd6wnoa5bl	true	40105 hi-res -- v4
probablefutures.40105-hires-p02-west-v4	cmsnf627o014x01sd6wnoa5bl	false	40105 hi-res -- v4
probablefutures.40105-hires-p02-west-v4	cmsnf627o014x01sd6wnoa5bl	true	40105 hi-res -- v4
probablefutures.40105-hires-p08-east-v4	cmsnf627o014x01sd6wnoa5bl	false	40105 hi-res -- v4
probablefutures.40105-hires-p08-east-v4	cmsnf627o014x01sd6wnoa5bl	true	40105 hi-res -- v4
probablefutures.40105-hires-p08-west-v4	cmsnf627o014x01sd6wnoa5bl	false	40105 hi-res -- v4
probablefutures.40105-hires-p08-west-v4	cmsnf627o014x01sd6wnoa5bl	true	40105 hi-res -- v4
probablefutures.40105-hires-test-east-v1	cmo1cw51200yi01se5gcuewdd	false	Days above 35°C (95°F) -- v3
probablefutures.40105-hires-test-east-v1	cmo1cw51200yi01se5gcuewdd	true	Days above 35°C (95°F) -- v3
probablefutures.40105-hires-test-east1-v2	cmo1fys0r006p01qw2e6ibvhv	false	Days above 35°C (95°F) -- v3
probablefutures.40105-hires-test-east1-v2	cmo1fys0r006p01qw2e6ibvhv	true	Days above 35°C (95°F) -- v3
probablefutures.40105-hires-test-east2-v2	cmo1fys0r006p01qw2e6ibvhv	false	Days above 35°C (95°F) -- v3
probablefutures.40105-hires-test-east2-v2	cmo1fys0r006p01qw2e6ibvhv	true	Days above 35°C (95°F) -- v3
probablefutures.40105-hires-test-west-v1	cmo1cw51200yi01se5gcuewdd	false	Days above 35°C (95°F) -- v3
probablefutures.40105-hires-test-west-v1	cmo1cw51200yi01se5gcuewdd	true	Days above 35°C (95°F) -- v3
probablefutures.40105-hires-test-west-v2	cmo1fys0r006p01qw2e6ibvhv	false	Days above 35°C (95°F) -- v3
probablefutures.40105-hires-test-west-v2	cmo1fys0r006p01qw2e6ibvhv	true	Days above 35°C (95°F) -- v3
probablefutures.40105-hires-west-v4	cmsnf627o014x01sd6wnoa5bl	false	40105 hi-res -- v4
probablefutures.40105-hires-west-v4	cmsnf627o014x01sd6wnoa5bl	true	40105 hi-res -- v4
probablefutures.40105-west-v1	cl59mxfs9001x14lrn1wdpqbk	false	Days above 35°C (95°F) -- global RCM RegCM-REMO ensemble -- v1
probablefutures.40105-west-v1	cl59mxfs9001x14lrn1wdpqbk	true	Days above 35°C (95°F) -- global RCM RegCM-REMO ensemble -- v1
probablefutures.40105-west-v2	cle5i7fwp003c01qgbsqmg1tj	false	Days above 35°C (95°F) -- v2
probablefutures.40105-west-v2	cle5i7fwp003c01qgbsqmg1tj	true	Days above 35°C (95°F) -- v2
probablefutures.40105-west-v3	clhyrro7r028j01quaigo1l8g	false	Days above 35°C (95°F) -- v3
probablefutures.40105-west-v3	clhyrro7r028j01quaigo1l8g	true	Days above 35°C (95°F) -- v3
probablefutures.40105-west-v3-2	cmseu7fvp00gq01s8e3ev2e73	false	Days above 35°C (95°F) -- v3
probablefutures.40105-west-v3-2	cmseu7fvp00gq01s8e3ev2e73	true	Days above 35°C (95°F) -- v3
probablefutures.40105-zoom1-v3	cmo759jfm000s01sfgtlr1s6z	false	zoom1-style
probablefutures.40105-zoom1-v3	cmo759jfm000s01sfgtlr1s6z	true	zoom1-style
probablefutures.40106-diff-east-v4	cmt02wt2i00cn01sd2inu3c8d	false	40106 diff -- v4
probablefutures.40106-diff-east-v4	cmt02wt2i00cn01sd2inu3c8d	true	40106 diff -- v4
probablefutures.40106-diff-p02-east-v4	cmt02wt2i00cn01sd2inu3c8d	false	40106 diff -- v4
probablefutures.40106-diff-p02-east-v4	cmt02wt2i00cn01sd2inu3c8d	true	40106 diff -- v4
probablefutures.40106-diff-p02-west-v4	cmt02wt2i00cn01sd2inu3c8d	false	40106 diff -- v4
probablefutures.40106-diff-p02-west-v4	cmt02wt2i00cn01sd2inu3c8d	true	40106 diff -- v4
probablefutures.40106-diff-p08-east-v4	cmt02wt2i00cn01sd2inu3c8d	false	40106 diff -- v4
probablefutures.40106-diff-p08-east-v4	cmt02wt2i00cn01sd2inu3c8d	true	40106 diff -- v4
probablefutures.40106-diff-p08-west-v4	cmt02wt2i00cn01sd2inu3c8d	false	40106 diff -- v4
probablefutures.40106-diff-p08-west-v4	cmt02wt2i00cn01sd2inu3c8d	true	40106 diff -- v4
probablefutures.40106-diff-west-v4	cmt02wt2i00cn01sd2inu3c8d	false	40106 diff -- v4
probablefutures.40106-diff-west-v4	cmt02wt2i00cn01sd2inu3c8d	true	40106 diff -- v4
probablefutures.40106-east-draft	cksssq4fb3gwp17p6nslyb46w	false	Days above 38°C (100°F) -- global RCM RegCM-REMO ensemble
probablefutures.40106-east-draft	cksssq4fb3gwp17p6nslyb46w	true	Days above 38°C (100°F) -- global RCM RegCM-REMO ensemble
probablefutures.40106-east-v1	cl59ntt93004o14l9j4j4vrxq	false	Days above 38°C (100°F) -- global RCM RegCM-REMO ensemble -- v1
probablefutures.40106-east-v1	cl59ntt93004o14l9j4j4vrxq	true	Days above 38°C (100°F) -- global RCM RegCM-REMO ensemble -- v1
probablefutures.40106-east-v2	cle5ik4xw001401qtmx3iupap	false	Days above 38°C (100°F) -- v2
probablefutures.40106-east-v2	cle5ik4xw001401qtmx3iupap	true	Days above 38°C (100°F) -- v2
probablefutures.40106-east-v3	clhyrwhlt02ae01qu6uojdjhx	false	Days above 38°C (100°F) -- v3
probablefutures.40106-east-v3	clhyrwhlt02ae01qu6uojdjhx	true	Days above 38°C (100°F) -- v3
probablefutures.40106-era5-east-v4	cmtcsba3k001r01sggi5vc2ou	false	40106 era5 -- v4
probablefutures.40106-era5-east-v4	cmtcsba3k001r01sggi5vc2ou	true	40106 era5 -- v4
probablefutures.40106-era5-west-v4	cmtcsba3k001r01sggi5vc2ou	false	40106 era5 -- v4
probablefutures.40106-era5-west-v4	cmtcsba3k001r01sggi5vc2ou	true	40106 era5 -- v4
probablefutures.40106-hires-east-v4	cmsygf86z007u01sa0jon8wxs	false	40106 hi-res -- v4
probablefutures.40106-hires-east-v4	cmsygf86z007u01sa0jon8wxs	true	40106 hi-res -- v4
probablefutures.40106-hires-p02-east-v4	cmsygf86z007u01sa0jon8wxs	false	40106 hi-res -- v4
probablefutures.40106-hires-p02-east-v4	cmsygf86z007u01sa0jon8wxs	true	40106 hi-res -- v4
probablefutures.40106-hires-p02-west-v4	cmsygf86z007u01sa0jon8wxs	false	40106 hi-res -- v4
probablefutures.40106-hires-p02-west-v4	cmsygf86z007u01sa0jon8wxs	true	40106 hi-res -- v4
probablefutures.40106-hires-p08-east-v4	cmsygf86z007u01sa0jon8wxs	false	40106 hi-res -- v4
probablefutures.40106-hires-p08-east-v4	cmsygf86z007u01sa0jon8wxs	true	40106 hi-res -- v4
probablefutures.40106-hires-p08-west-v4	cmsygf86z007u01sa0jon8wxs	false	40106 hi-res -- v4
probablefutures.40106-hires-p08-west-v4	cmsygf86z007u01sa0jon8wxs	true	40106 hi-res -- v4
probablefutures.40106-hires-west-v4	cmsygf86z007u01sa0jon8wxs	false	40106 hi-res -- v4
probablefutures.40106-hires-west-v4	cmsygf86z007u01sa0jon8wxs	true	40106 hi-res -- v4
probablefutures.40106-west-draft	cksssq4fb3gwp17p6nslyb46w	false	Days above 38°C (100°F) -- global RCM RegCM-REMO ensemble
probablefutures.40106-west-draft	cksssq4fb3gwp17p6nslyb46w	true	Days above 38°C (100°F) -- global RCM RegCM-REMO ensemble
probablefutures.40106-west-v1	cl59ntt93004o14l9j4j4vrxq	false	Days above 38°C (100°F) -- global RCM RegCM-REMO ensemble -- v1
probablefutures.40106-west-v1	cl59ntt93004o14l9j4j4vrxq	true	Days above 38°C (100°F) -- global RCM RegCM-REMO ensemble -- v1
probablefutures.40106-west-v2	cle5ik4xw001401qtmx3iupap	false	Days above 38°C (100°F) -- v2
probablefutures.40106-west-v2	cle5ik4xw001401qtmx3iupap	true	Days above 38°C (100°F) -- v2
probablefutures.40106-west-v3	clhyrwhlt02ae01qu6uojdjhx	false	Days above 38°C (100°F) -- v3
probablefutures.40106-west-v3	clhyrwhlt02ae01qu6uojdjhx	true	Days above 38°C (100°F) -- v3
probablefutures.40107-diff-east-v4	cmt0367vu003201qxayfw2h09	false	40107 diff -- v4
probablefutures.40107-diff-east-v4	cmt0367vu003201qxayfw2h09	true	40107 diff -- v4
probablefutures.40107-diff-p02-east-v4	cmt0367vu003201qxayfw2h09	false	40107 diff -- v4
probablefutures.40107-diff-p02-east-v4	cmt0367vu003201qxayfw2h09	true	40107 diff -- v4
probablefutures.40107-diff-p02-west-v4	cmt0367vu003201qxayfw2h09	false	40107 diff -- v4
probablefutures.40107-diff-p02-west-v4	cmt0367vu003201qxayfw2h09	true	40107 diff -- v4
probablefutures.40107-diff-p08-east-v4	cmt0367vu003201qxayfw2h09	false	40107 diff -- v4
probablefutures.40107-diff-p08-east-v4	cmt0367vu003201qxayfw2h09	true	40107 diff -- v4
probablefutures.40107-diff-p08-west-v4	cmt0367vu003201qxayfw2h09	false	40107 diff -- v4
probablefutures.40107-diff-p08-west-v4	cmt0367vu003201qxayfw2h09	true	40107 diff -- v4
probablefutures.40107-diff-west-v4	cmt0367vu003201qxayfw2h09	false	40107 diff -- v4
probablefutures.40107-diff-west-v4	cmt0367vu003201qxayfw2h09	true	40107 diff -- v4
probablefutures.40107-east-v3	clr4pe2k400ds01p56a6jc3en	false	Days above 45°C (113°F) -- v3
probablefutures.40107-east-v3	clr4pe2k400ds01p56a6jc3en	true	Days above 45°C (113°F) -- v3
probablefutures.40107-era5-east-v4	cmtcsgodl001e01qu0ri38mpw	false	40107 era5 -- v4
probablefutures.40107-era5-east-v4	cmtcsgodl001e01qu0ri38mpw	true	40107 era5 -- v4
probablefutures.40107-era5-west-v4	cmtcsgodl001e01qu0ri38mpw	false	40107 era5 -- v4
probablefutures.40107-era5-west-v4	cmtcsgodl001e01qu0ri38mpw	true	40107 era5 -- v4
probablefutures.40107-hires-east-v4	cmsygqx83005s01r078168l3j	false	40107 hi-res -- v4
probablefutures.40107-hires-east-v4	cmsygqx83005s01r078168l3j	true	40107 hi-res -- v4
probablefutures.40107-hires-p02-east-v4	cmsygqx83005s01r078168l3j	false	40107 hi-res -- v4
probablefutures.40107-hires-p02-east-v4	cmsygqx83005s01r078168l3j	true	40107 hi-res -- v4
probablefutures.40107-hires-p02-west-v4	cmsygqx83005s01r078168l3j	false	40107 hi-res -- v4
probablefutures.40107-hires-p02-west-v4	cmsygqx83005s01r078168l3j	true	40107 hi-res -- v4
probablefutures.40107-hires-p08-east-v4	cmsygqx83005s01r078168l3j	false	40107 hi-res -- v4
probablefutures.40107-hires-p08-east-v4	cmsygqx83005s01r078168l3j	true	40107 hi-res -- v4
probablefutures.40107-hires-p08-west-v4	cmsygqx83005s01r078168l3j	false	40107 hi-res -- v4
probablefutures.40107-hires-p08-west-v4	cmsygqx83005s01r078168l3j	true	40107 hi-res -- v4
probablefutures.40107-hires-west-v4	cmsygqx83005s01r078168l3j	false	40107 hi-res -- v4
probablefutures.40107-hires-west-v4	cmsygqx83005s01r078168l3j	true	40107 hi-res -- v4
probablefutures.40107-west-v3	clr4pe2k400ds01p56a6jc3en	false	Days above 45°C (113°F) -- v3
probablefutures.40107-west-v3	clr4pe2k400ds01p56a6jc3en	true	Days above 45°C (113°F) -- v3
probablefutures.40108-east-v3	clyx4j534009o01p63e0x7rb5	false	Three hottest days - consecutive, ensemble maxmin -- v3
probablefutures.40108-east-v3	clyx4j534009o01p63e0x7rb5	true	Three hottest days - consecutive, ensemble maxmin -- v3
probablefutures.40108-west-v3	clyx4j534009o01p63e0x7rb5	false	Three hottest days - consecutive, ensemble maxmin -- v3
probablefutures.40108-west-v3	clyx4j534009o01p63e0x7rb5	true	Three hottest days - consecutive, ensemble maxmin -- v3
probablefutures.40110-east-v3	cmp3tkbqx000g01s9e7zlaoc1	false	Days above 50°C (122°F) -- v3
probablefutures.40110-east-v3	cmp3tkbqx000g01s9e7zlaoc1	true	Days above 50°C (122°F) -- v3
probablefutures.40110-west-v3	cmp3tkbqx000g01s9e7zlaoc1	false	Days above 50°C (122°F) -- v3
probablefutures.40110-west-v3	cmp3tkbqx000g01s9e7zlaoc1	true	Days above 50°C (122°F) -- v3
probablefutures.40201-diff-east-v4	cmt04k6wt000101sgejh5d5q3	false	40201 diff -- v4
probablefutures.40201-diff-east-v4	cmt04k6wt000101sgejh5d5q3	true	40201 diff -- v4
probablefutures.40201-diff-p02-east-v4	cmt04k6wt000101sgejh5d5q3	false	40201 diff -- v4
probablefutures.40201-diff-p02-east-v4	cmt04k6wt000101sgejh5d5q3	true	40201 diff -- v4
probablefutures.40201-diff-p02-west-v4	cmt04k6wt000101sgejh5d5q3	false	40201 diff -- v4
probablefutures.40201-diff-p02-west-v4	cmt04k6wt000101sgejh5d5q3	true	40201 diff -- v4
probablefutures.40201-diff-p08-east-v4	cmt04k6wt000101sgejh5d5q3	false	40201 diff -- v4
probablefutures.40201-diff-p08-east-v4	cmt04k6wt000101sgejh5d5q3	true	40201 diff -- v4
probablefutures.40201-diff-p08-west-v4	cmt04k6wt000101sgejh5d5q3	false	40201 diff -- v4
probablefutures.40201-diff-p08-west-v4	cmt04k6wt000101sgejh5d5q3	true	40201 diff -- v4
probablefutures.40201-diff-west-v4	cmt04k6wt000101sgejh5d5q3	false	40201 diff -- v4
probablefutures.40201-diff-west-v4	cmt04k6wt000101sgejh5d5q3	true	40201 diff -- v4
probablefutures.40201-east-v1	cl59pelwc000014lggv1m6lg2	false	Average nighttime temperature -- global RCM RegCM-REMO ensemble -- v1
probablefutures.40201-east-v1	cl59pelwc000014lggv1m6lg2	true	Average nighttime temperature -- global RCM RegCM-REMO ensemble -- v1
probablefutures.40201-east-v2	cle5iyoyr001k01q9lzpcqhoh	false	Average nighttime temperature -- v2
probablefutures.40201-east-v2	cle5iyoyr001k01q9lzpcqhoh	true	Average nighttime temperature -- v2
probablefutures.40201-east-v3	clhzyf384028601r0br6g94y6	false	Average nighttime temperature -- v3
probablefutures.40201-east-v3	clhzyf384028601r0br6g94y6	true	Average nighttime temperature -- v3
probablefutures.40201-era5-east-v4	cmtcsmg04001r01pcegincba6	false	40201 era5 -- v4
probablefutures.40201-era5-east-v4	cmtcsmg04001r01pcegincba6	true	40201 era5 -- v4
probablefutures.40201-era5-west-v4	cmtcsmg04001r01pcegincba6	false	40201 era5 -- v4
probablefutures.40201-era5-west-v4	cmtcsmg04001r01pcegincba6	true	40201 era5 -- v4
probablefutures.40201-hires-east-v4	cmsykth82009v01sd45krfjur	false	40201 hi-res -- v4
probablefutures.40201-hires-east-v4	cmsykth82009v01sd45krfjur	true	40201 hi-res -- v4
probablefutures.40201-hires-p02-east-v4	cmsykth82009v01sd45krfjur	false	40201 hi-res -- v4
probablefutures.40201-hires-p02-east-v4	cmsykth82009v01sd45krfjur	true	40201 hi-res -- v4
probablefutures.40201-hires-p02-west-v4	cmsykth82009v01sd45krfjur	false	40201 hi-res -- v4
probablefutures.40201-hires-p02-west-v4	cmsykth82009v01sd45krfjur	true	40201 hi-res -- v4
probablefutures.40201-hires-p08-east-v4	cmsykth82009v01sd45krfjur	false	40201 hi-res -- v4
probablefutures.40201-hires-p08-east-v4	cmsykth82009v01sd45krfjur	true	40201 hi-res -- v4
probablefutures.40201-hires-p08-west-v4	cmsykth82009v01sd45krfjur	false	40201 hi-res -- v4
probablefutures.40201-hires-p08-west-v4	cmsykth82009v01sd45krfjur	true	40201 hi-res -- v4
probablefutures.40201-hires-west-v4	cmsykth82009v01sd45krfjur	false	40201 hi-res -- v4
probablefutures.40201-hires-west-v4	cmsykth82009v01sd45krfjur	true	40201 hi-res -- v4
probablefutures.40201-west-v1	cl59pelwc000014lggv1m6lg2	false	Average nighttime temperature -- global RCM RegCM-REMO ensemble -- v1
probablefutures.40201-west-v1	cl59pelwc000014lggv1m6lg2	true	Average nighttime temperature -- global RCM RegCM-REMO ensemble -- v1
probablefutures.40201-west-v2	cle5iyoyr001k01q9lzpcqhoh	false	Average nighttime temperature -- v2
probablefutures.40201-west-v2	cle5iyoyr001k01q9lzpcqhoh	true	Average nighttime temperature -- v2
probablefutures.40201-west-v3	clhzyf384028601r0br6g94y6	false	Average nighttime temperature -- v3
probablefutures.40201-west-v3	clhzyf384028601r0br6g94y6	true	Average nighttime temperature -- v3
probablefutures.40202-east-v1	cl59y3a8v000714lgpllqj741	false	Frost nights -- global RCM RegCM-REMO ensemble -- v1
probablefutures.40202-east-v1	cl59y3a8v000714lgpllqj741	true	Frost nights -- global RCM RegCM-REMO ensemble -- v1
probablefutures.40202-east-v2	cle5kmbpx001301ldiwi6k739	false	Frost nights -- v2
probablefutures.40202-east-v2	cle5kmbpx001301ldiwi6k739	true	Frost nights -- v2
probablefutures.40202-east-v3	clhzykaon02ar01qu0iah4r6c	false	Frost nights -- v3
probablefutures.40202-east-v3	clhzykaon02ar01qu0iah4r6c	true	Frost nights -- v3
probablefutures.40202-era5-east-v4	cmtcsrfpn001o01s13mxheptn	false	40202 era5 -- v4
probablefutures.40202-era5-east-v4	cmtcsrfpn001o01s13mxheptn	true	40202 era5 -- v4
probablefutures.40202-era5-west-v4	cmtcsrfpn001o01s13mxheptn	false	40202 era5 -- v4
probablefutures.40202-era5-west-v4	cmtcsrfpn001o01s13mxheptn	true	40202 era5 -- v4
probablefutures.40202-hires-east-v4	cmsnfxyp5011i01s9f1a45sfs	false	40202 hi-res -- v4
probablefutures.40202-hires-east-v4	cmsnfxyp5011i01s9f1a45sfs	true	40202 hi-res -- v4
probablefutures.40202-hires-p02-east-v4	cmsnfxyp5011i01s9f1a45sfs	false	40202 hi-res -- v4
probablefutures.40202-hires-p02-east-v4	cmsnfxyp5011i01s9f1a45sfs	true	40202 hi-res -- v4
probablefutures.40202-hires-p02-west-v4	cmsnfxyp5011i01s9f1a45sfs	false	40202 hi-res -- v4
probablefutures.40202-hires-p02-west-v4	cmsnfxyp5011i01s9f1a45sfs	true	40202 hi-res -- v4
probablefutures.40202-hires-p08-east-v4	cmsnfxyp5011i01s9f1a45sfs	false	40202 hi-res -- v4
probablefutures.40202-hires-p08-east-v4	cmsnfxyp5011i01s9f1a45sfs	true	40202 hi-res -- v4
probablefutures.40202-hires-p08-west-v4	cmsnfxyp5011i01s9f1a45sfs	false	40202 hi-res -- v4
probablefutures.40202-hires-p08-west-v4	cmsnfxyp5011i01s9f1a45sfs	true	40202 hi-res -- v4
probablefutures.40202-hires-west-v4	cmsnfxyp5011i01s9f1a45sfs	false	40202 hi-res -- v4
probablefutures.40202-hires-west-v4	cmsnfxyp5011i01s9f1a45sfs	true	40202 hi-res -- v4
probablefutures.40202-west-v1	cl59y3a8v000714lgpllqj741	false	Frost nights -- global RCM RegCM-REMO ensemble -- v1
probablefutures.40202-west-v1	cl59y3a8v000714lgpllqj741	true	Frost nights -- global RCM RegCM-REMO ensemble -- v1
probablefutures.40202-west-v2	cle5kmbpx001301ldiwi6k739	false	Frost nights -- v2
probablefutures.40202-west-v2	cle5kmbpx001301ldiwi6k739	true	Frost nights -- v2
probablefutures.40202-west-v3	clhzykaon02ar01qu0iah4r6c	false	Frost nights -- v3
probablefutures.40202-west-v3	clhzykaon02ar01qu0iah4r6c	true	Frost nights -- v3
probablefutures.40203-diff-east-v4	cmt04ti30000101shhved57po	false	40203 diff -- v4
probablefutures.40203-diff-east-v4	cmt04ti30000101shhved57po	true	40203 diff -- v4
probablefutures.40203-diff-p02-east-v4	cmt04ti30000101shhved57po	false	40203 diff -- v4
probablefutures.40203-diff-p02-east-v4	cmt04ti30000101shhved57po	true	40203 diff -- v4
probablefutures.40203-diff-p02-west-v4	cmt04ti30000101shhved57po	false	40203 diff -- v4
probablefutures.40203-diff-p02-west-v4	cmt04ti30000101shhved57po	true	40203 diff -- v4
probablefutures.40203-diff-p08-east-v4	cmt04ti30000101shhved57po	false	40203 diff -- v4
probablefutures.40203-diff-p08-east-v4	cmt04ti30000101shhved57po	true	40203 diff -- v4
probablefutures.40203-diff-p08-west-v4	cmt04ti30000101shhved57po	false	40203 diff -- v4
probablefutures.40203-diff-p08-west-v4	cmt04ti30000101shhved57po	true	40203 diff -- v4
probablefutures.40203-diff-west-v4	cmt04ti30000101shhved57po	false	40203 diff -- v4
probablefutures.40203-diff-west-v4	cmt04ti30000101shhved57po	true	40203 diff -- v4
probablefutures.40203-east-v1	cl59y9eeo000b14k14hh6ca78	false	Nights above 20°C (68°F) -- global RCM RegCM-REMO ensemble -- v1
probablefutures.40203-east-v1	cl59y9eeo000b14k14hh6ca78	true	Nights above 20°C (68°F) -- global RCM RegCM-REMO ensemble -- v1
probablefutures.40203-east-v2	cle5l2sbs007y01tes0li5a2z	false	Nights above 20°C (68°F) -- v2
probablefutures.40203-east-v2	cle5l2sbs007y01tes0li5a2z	true	Nights above 20°C (68°F) -- v2
probablefutures.40203-east-v3	clhzypp66028901r05kixdepa	false	Nights above 20°C (68°F) -- v3
probablefutures.40203-east-v3	clhzypp66028901r05kixdepa	true	Nights above 20°C (68°F) -- v3
probablefutures.40203-era5-east-v4	cmtcsvatw001q01sahk565ejx	false	40203 era5 -- v4
probablefutures.40203-era5-east-v4	cmtcsvatw001q01sahk565ejx	true	40203 era5 -- v4
probablefutures.40203-era5-west-v4	cmtcsvatw001q01sahk565ejx	false	40203 era5 -- v4
probablefutures.40203-era5-west-v4	cmtcsvatw001q01sahk565ejx	true	40203 era5 -- v4
probablefutures.40203-hires-east-v4	cmsyl76bu009x01sdh15i6a9m	false	40203 hi-res -- v4
probablefutures.40203-hires-east-v4	cmsyl76bu009x01sdh15i6a9m	true	40203 hi-res -- v4
probablefutures.40203-hires-p02-east-v4	cmsyl76bu009x01sdh15i6a9m	false	40203 hi-res -- v4
probablefutures.40203-hires-p02-east-v4	cmsyl76bu009x01sdh15i6a9m	true	40203 hi-res -- v4
probablefutures.40203-hires-p02-west-v4	cmsyl76bu009x01sdh15i6a9m	false	40203 hi-res -- v4
probablefutures.40203-hires-p02-west-v4	cmsyl76bu009x01sdh15i6a9m	true	40203 hi-res -- v4
probablefutures.40203-hires-p08-east-v4	cmsyl76bu009x01sdh15i6a9m	false	40203 hi-res -- v4
probablefutures.40203-hires-p08-east-v4	cmsyl76bu009x01sdh15i6a9m	true	40203 hi-res -- v4
probablefutures.40203-hires-p08-west-v4	cmsyl76bu009x01sdh15i6a9m	false	40203 hi-res -- v4
probablefutures.40203-hires-p08-west-v4	cmsyl76bu009x01sdh15i6a9m	true	40203 hi-res -- v4
probablefutures.40203-hires-west-v4	cmsyl76bu009x01sdh15i6a9m	false	40203 hi-res -- v4
probablefutures.40203-hires-west-v4	cmsyl76bu009x01sdh15i6a9m	true	40203 hi-res -- v4
probablefutures.40203-west-v1	cl59y9eeo000b14k14hh6ca78	false	Nights above 20°C (68°F) -- global RCM RegCM-REMO ensemble -- v1
probablefutures.40203-west-v1	cl59y9eeo000b14k14hh6ca78	true	Nights above 20°C (68°F) -- global RCM RegCM-REMO ensemble -- v1
probablefutures.40203-west-v2	cle5l2sbs007y01tes0li5a2z	false	Nights above 20°C (68°F) -- v2
probablefutures.40203-west-v2	cle5l2sbs007y01tes0li5a2z	true	Nights above 20°C (68°F) -- v2
probablefutures.40203-west-v3	clhzypp66028901r05kixdepa	false	Nights above 20°C (68°F) -- v3
probablefutures.40203-west-v3	clhzypp66028901r05kixdepa	true	Nights above 20°C (68°F) -- v3
probablefutures.40204-diff-east-v4	cmt053f73000301scc0ei0vg2	false	40204 diff -- v4
probablefutures.40204-diff-east-v4	cmt053f73000301scc0ei0vg2	true	40204 diff -- v4
probablefutures.40204-diff-p02-east-v4	cmt053f73000301scc0ei0vg2	false	40204 diff -- v4
probablefutures.40204-diff-p02-east-v4	cmt053f73000301scc0ei0vg2	true	40204 diff -- v4
probablefutures.40204-diff-p02-west-v4	cmt053f73000301scc0ei0vg2	false	40204 diff -- v4
probablefutures.40204-diff-p02-west-v4	cmt053f73000301scc0ei0vg2	true	40204 diff -- v4
probablefutures.40204-diff-p08-east-v4	cmt053f73000301scc0ei0vg2	false	40204 diff -- v4
probablefutures.40204-diff-p08-east-v4	cmt053f73000301scc0ei0vg2	true	40204 diff -- v4
probablefutures.40204-diff-p08-west-v4	cmt053f73000301scc0ei0vg2	false	40204 diff -- v4
probablefutures.40204-diff-p08-west-v4	cmt053f73000301scc0ei0vg2	true	40204 diff -- v4
probablefutures.40204-diff-west-v4	cmt053f73000301scc0ei0vg2	false	40204 diff -- v4
probablefutures.40204-diff-west-v4	cmt053f73000301scc0ei0vg2	true	40204 diff -- v4
probablefutures.40204-east-v1	cl59ygl4z000814lgv5kqsdz7	false	Nights above 25°C (77°F) -- global RCM RegCM-REMO ensemble -- v1
probablefutures.40204-east-v1	cl59ygl4z000814lgv5kqsdz7	true	Nights above 25°C (77°F) -- global RCM RegCM-REMO ensemble -- v1
probablefutures.40204-east-v2	cle5lfg8b006b01mt7dgi3k65	false	Nights above 25°C (77°F) -- v2
probablefutures.40204-east-v2	cle5lfg8b006b01mt7dgi3k65	true	Nights above 25°C (77°F) -- v2
probablefutures.40204-east-v3	clhzyvdlw02dm01qydo7s7fmb	false	Nights above 25°C (77°F) -- v3
probablefutures.40204-east-v3	clhzyvdlw02dm01qydo7s7fmb	true	Nights above 25°C (77°F) -- v3
probablefutures.40204-era5-east-v4	cmtcsyuee001t01sg0637auog	false	40204 era5 -- v4
probablefutures.40204-era5-east-v4	cmtcsyuee001t01sg0637auog	true	40204 era5 -- v4
probablefutures.40204-era5-west-v4	cmtcsyuee001t01sg0637auog	false	40204 era5 -- v4
probablefutures.40204-era5-west-v4	cmtcsyuee001t01sg0637auog	true	40204 era5 -- v4
probablefutures.40204-hires-east-v4	cmsyhd327005t01r01dni5ach	false	40204 hi-res -- v4
probablefutures.40204-hires-east-v4	cmsyhd327005t01r01dni5ach	true	40204 hi-res -- v4
probablefutures.40204-hires-p02-east-v4	cmsyhd327005t01r01dni5ach	false	40204 hi-res -- v4
probablefutures.40204-hires-p02-east-v4	cmsyhd327005t01r01dni5ach	true	40204 hi-res -- v4
probablefutures.40204-hires-p02-west-v4	cmsyhd327005t01r01dni5ach	false	40204 hi-res -- v4
probablefutures.40204-hires-p02-west-v4	cmsyhd327005t01r01dni5ach	true	40204 hi-res -- v4
probablefutures.40204-hires-p08-east-v4	cmsyhd327005t01r01dni5ach	false	40204 hi-res -- v4
probablefutures.40204-hires-p08-east-v4	cmsyhd327005t01r01dni5ach	true	40204 hi-res -- v4
probablefutures.40204-hires-p08-west-v4	cmsyhd327005t01r01dni5ach	false	40204 hi-res -- v4
probablefutures.40204-hires-p08-west-v4	cmsyhd327005t01r01dni5ach	true	40204 hi-res -- v4
probablefutures.40204-hires-west-v4	cmsyhd327005t01r01dni5ach	false	40204 hi-res -- v4
probablefutures.40204-hires-west-v4	cmsyhd327005t01r01dni5ach	true	40204 hi-res -- v4
probablefutures.40204-west-v1	cl59ygl4z000814lgv5kqsdz7	false	Nights above 25°C (77°F) -- global RCM RegCM-REMO ensemble -- v1
probablefutures.40204-west-v1	cl59ygl4z000814lgv5kqsdz7	true	Nights above 25°C (77°F) -- global RCM RegCM-REMO ensemble -- v1
probablefutures.40204-west-v2	cle5lfg8b006b01mt7dgi3k65	false	Nights above 25°C (77°F) -- v2
probablefutures.40204-west-v2	cle5lfg8b006b01mt7dgi3k65	true	Nights above 25°C (77°F) -- v2
probablefutures.40204-west-v3	clhzyvdlw02dm01qydo7s7fmb	false	Nights above 25°C (77°F) -- v3
probablefutures.40204-west-v3	clhzyvdlw02dm01qydo7s7fmb	true	Nights above 25°C (77°F) -- v3
probablefutures.40205-diff-east-v4	cmt05cw1k000501sc5oi14hr3	false	40205 diff -- v4
probablefutures.40205-diff-east-v4	cmt05cw1k000501sc5oi14hr3	true	40205 diff -- v4
probablefutures.40205-diff-p02-east-v4	cmt05cw1k000501sc5oi14hr3	false	40205 diff -- v4
probablefutures.40205-diff-p02-east-v4	cmt05cw1k000501sc5oi14hr3	true	40205 diff -- v4
probablefutures.40205-diff-p02-west-v4	cmt05cw1k000501sc5oi14hr3	false	40205 diff -- v4
probablefutures.40205-diff-p02-west-v4	cmt05cw1k000501sc5oi14hr3	true	40205 diff -- v4
probablefutures.40205-diff-p08-east-v4	cmt05cw1k000501sc5oi14hr3	false	40205 diff -- v4
probablefutures.40205-diff-p08-east-v4	cmt05cw1k000501sc5oi14hr3	true	40205 diff -- v4
probablefutures.40205-diff-p08-west-v4	cmt05cw1k000501sc5oi14hr3	false	40205 diff -- v4
probablefutures.40205-diff-p08-west-v4	cmt05cw1k000501sc5oi14hr3	true	40205 diff -- v4
probablefutures.40205-diff-west-v4	cmt05cw1k000501sc5oi14hr3	false	40205 diff -- v4
probablefutures.40205-diff-west-v4	cmt05cw1k000501sc5oi14hr3	true	40205 diff -- v4
probablefutures.40205-east-v1	cl59ykyfg000c14k1iyl3n2em	false	Freezing days -- global RCM RegCM-REMO ensemble -- v1
probablefutures.40205-east-v1	cl59ykyfg000c14k1iyl3n2em	true	Freezing days -- global RCM RegCM-REMO ensemble -- v1
probablefutures.40205-east-v2	cle5lx0y8003401noyf3pnggm	false	Freezing days -- v2
probablefutures.40205-east-v2	cle5lx0y8003401noyf3pnggm	true	Freezing days -- v2
probablefutures.40205-east-v3	clhzz2hvl02as01quh2kqdao4	false	Freezing days -- v3
probablefutures.40205-east-v3	clhzz2hvl02as01quh2kqdao4	true	Freezing days -- v3
probablefutures.40205-east-v3-m-m	cmhjgd8wb00e201r68kkfa2n2	false	Freezing days -- v3-m-m
probablefutures.40205-east-v3-m-m	cmhjgd8wb00e201r68kkfa2n2	true	Freezing days -- v3-m-m
probablefutures.40205-era5-east-v4	cmtct3e47000101s51vrjb7fw	false	40205 era5 -- v4
probablefutures.40205-era5-east-v4	cmtct3e47000101s51vrjb7fw	true	40205 era5 -- v4
probablefutures.40205-era5-west-v4	cmtct3e47000101s51vrjb7fw	false	40205 era5 -- v4
probablefutures.40205-era5-west-v4	cmtct3e47000101s51vrjb7fw	true	40205 era5 -- v4
probablefutures.40205-hires-east-v4	cmsyhr0lh002c01qx7s6c6yni	false	40205 hi-res -- v4
probablefutures.40205-hires-east-v4	cmsyhr0lh002c01qx7s6c6yni	true	40205 hi-res -- v4
probablefutures.40205-hires-p02-east-v4	cmsyhr0lh002c01qx7s6c6yni	false	40205 hi-res -- v4
probablefutures.40205-hires-p02-east-v4	cmsyhr0lh002c01qx7s6c6yni	true	40205 hi-res -- v4
probablefutures.40205-hires-p02-west-v4	cmsyhr0lh002c01qx7s6c6yni	false	40205 hi-res -- v4
probablefutures.40205-hires-p02-west-v4	cmsyhr0lh002c01qx7s6c6yni	true	40205 hi-res -- v4
probablefutures.40205-hires-p08-east-v4	cmsyhr0lh002c01qx7s6c6yni	false	40205 hi-res -- v4
probablefutures.40205-hires-p08-east-v4	cmsyhr0lh002c01qx7s6c6yni	true	40205 hi-res -- v4
probablefutures.40205-hires-p08-west-v4	cmsyhr0lh002c01qx7s6c6yni	false	40205 hi-res -- v4
probablefutures.40205-hires-p08-west-v4	cmsyhr0lh002c01qx7s6c6yni	true	40205 hi-res -- v4
probablefutures.40205-hires-west-v4	cmsyhr0lh002c01qx7s6c6yni	false	40205 hi-res -- v4
probablefutures.40205-hires-west-v4	cmsyhr0lh002c01qx7s6c6yni	true	40205 hi-res -- v4
probablefutures.40205-west-v1	cl59ykyfg000c14k1iyl3n2em	false	Freezing days -- global RCM RegCM-REMO ensemble -- v1
probablefutures.40205-west-v1	cl59ykyfg000c14k1iyl3n2em	true	Freezing days -- global RCM RegCM-REMO ensemble -- v1
probablefutures.40205-west-v2	cle5lx0y8003401noyf3pnggm	false	Freezing days -- v2
probablefutures.40205-west-v2	cle5lx0y8003401noyf3pnggm	true	Freezing days -- v2
probablefutures.40205-west-v3	clhzz2hvl02as01quh2kqdao4	false	Freezing days -- v3
probablefutures.40205-west-v3	clhzz2hvl02as01quh2kqdao4	true	Freezing days -- v3
probablefutures.40205-west-v3-m-m	cmhjgd8wb00e201r68kkfa2n2	false	Freezing days -- v3-m-m
probablefutures.40205-west-v3-m-m	cmhjgd8wb00e201r68kkfa2n2	true	Freezing days -- v3-m-m
probablefutures.40206-diff-east-v4	cmszx92pa00e801seg2w880qd	false	40206 diff -- v4
probablefutures.40206-diff-east-v4	cmszx92pa00e801seg2w880qd	true	40206 diff -- v4
probablefutures.40206-diff-p02-east-v4	cmszx92pa00e801seg2w880qd	false	40206 diff -- v4
probablefutures.40206-diff-p02-east-v4	cmszx92pa00e801seg2w880qd	true	40206 diff -- v4
probablefutures.40206-diff-p02-west-v4	cmszx92pa00e801seg2w880qd	false	40206 diff -- v4
probablefutures.40206-diff-p02-west-v4	cmszx92pa00e801seg2w880qd	true	40206 diff -- v4
probablefutures.40206-diff-p08-east-v4	cmszx92pa00e801seg2w880qd	false	40206 diff -- v4
probablefutures.40206-diff-p08-east-v4	cmszx92pa00e801seg2w880qd	true	40206 diff -- v4
probablefutures.40206-diff-p08-west-v4	cmszx92pa00e801seg2w880qd	false	40206 diff -- v4
probablefutures.40206-diff-p08-west-v4	cmszx92pa00e801seg2w880qd	true	40206 diff -- v4
probablefutures.40206-diff-west-v4	cmszx92pa00e801seg2w880qd	false	40206 diff -- v4
probablefutures.40206-diff-west-v4	cmszx92pa00e801seg2w880qd	true	40206 diff -- v4
probablefutures.40206-east-v3	clrjfvn2900oi01pe6lzhesid	false	10 hottest nights -- v3
probablefutures.40206-east-v3	clrjfvn2900oi01pe6lzhesid	true	10 hottest nights -- v3
probablefutures.40206-era5-east-v4	cmtct7r0n001t01s198jqd1fj	false	40206 era5 -- v4
probablefutures.40206-era5-east-v4	cmtct7r0n001t01s198jqd1fj	true	40206 era5 -- v4
probablefutures.40206-era5-west-v4	cmtct7r0n001t01s198jqd1fj	false	40206 era5 -- v4
probablefutures.40206-era5-west-v4	cmtct7r0n001t01s198jqd1fj	true	40206 era5 -- v4
probablefutures.40206-hires-east-v4	cmsng66e4015401sdbfy9ecwe	false	40206 hi-res -- v4
probablefutures.40206-hires-east-v4	cmsng66e4015401sdbfy9ecwe	true	40206 hi-res -- v4
probablefutures.40206-hires-p02-east-v4	cmsng66e4015401sdbfy9ecwe	false	40206 hi-res -- v4
probablefutures.40206-hires-p02-east-v4	cmsng66e4015401sdbfy9ecwe	true	40206 hi-res -- v4
probablefutures.40206-hires-p02-west-v4	cmsng66e4015401sdbfy9ecwe	false	40206 hi-res -- v4
probablefutures.40206-hires-p02-west-v4	cmsng66e4015401sdbfy9ecwe	true	40206 hi-res -- v4
probablefutures.40206-hires-p08-east-v4	cmsng66e4015401sdbfy9ecwe	false	40206 hi-res -- v4
probablefutures.40206-hires-p08-east-v4	cmsng66e4015401sdbfy9ecwe	true	40206 hi-res -- v4
probablefutures.40206-hires-p08-west-v4	cmsng66e4015401sdbfy9ecwe	false	40206 hi-res -- v4
probablefutures.40206-hires-p08-west-v4	cmsng66e4015401sdbfy9ecwe	true	40206 hi-res -- v4
probablefutures.40206-hires-west-v4	cmsng66e4015401sdbfy9ecwe	false	40206 hi-res -- v4
probablefutures.40206-hires-west-v4	cmsng66e4015401sdbfy9ecwe	true	40206 hi-res -- v4
probablefutures.40206-west-v3	clrjfvn2900oi01pe6lzhesid	false	10 hottest nights -- v3
probablefutures.40206-west-v3	clrjfvn2900oi01pe6lzhesid	true	10 hottest nights -- v3
probablefutures.40207-diff-east-v4	cmt05nvw8000601sccu5hfzxo	false	40207 diff -- v4
probablefutures.40207-diff-east-v4	cmt05nvw8000601sccu5hfzxo	true	40207 diff -- v4
probablefutures.40207-diff-p02-east-v4	cmt05nvw8000601sccu5hfzxo	false	40207 diff -- v4
probablefutures.40207-diff-p02-east-v4	cmt05nvw8000601sccu5hfzxo	true	40207 diff -- v4
probablefutures.40207-diff-p02-west-v4	cmt05nvw8000601sccu5hfzxo	false	40207 diff -- v4
probablefutures.40207-diff-p02-west-v4	cmt05nvw8000601sccu5hfzxo	true	40207 diff -- v4
probablefutures.40207-diff-p08-east-v4	cmt05nvw8000601sccu5hfzxo	false	40207 diff -- v4
probablefutures.40207-diff-p08-east-v4	cmt05nvw8000601sccu5hfzxo	true	40207 diff -- v4
probablefutures.40207-diff-p08-west-v4	cmt05nvw8000601sccu5hfzxo	false	40207 diff -- v4
probablefutures.40207-diff-p08-west-v4	cmt05nvw8000601sccu5hfzxo	true	40207 diff -- v4
probablefutures.40207-diff-west-v4	cmt05nvw8000601sccu5hfzxo	false	40207 diff -- v4
probablefutures.40207-diff-west-v4	cmt05nvw8000601sccu5hfzxo	true	40207 diff -- v4
probablefutures.40207-east-v3	cltx1yoqo00eb01qwcebs7d3z	false	Average winter temperatures -- v3
probablefutures.40207-east-v3	cltx1yoqo00eb01qwcebs7d3z	true	Average winter temperatures -- v3
probablefutures.40207-era5-east-v4	cmtctdfjo001s01saax88c116	false	40207 era5 -- v4
probablefutures.40207-era5-east-v4	cmtctdfjo001s01saax88c116	true	40207 era5 -- v4
probablefutures.40207-era5-west-v4	cmtctdfjo001s01saax88c116	false	40207 era5 -- v4
probablefutures.40207-era5-west-v4	cmtctdfjo001s01saax88c116	true	40207 era5 -- v4
probablefutures.40207-hires-east-v4	cmsyi7f4x00ap01se4izd2q4w	false	40207 hi-res -- v4
probablefutures.40207-hires-east-v4	cmsyi7f4x00ap01se4izd2q4w	true	40207 hi-res -- v4
probablefutures.40207-hires-p02-east-v4	cmsyi7f4x00ap01se4izd2q4w	false	40207 hi-res -- v4
probablefutures.40207-hires-p02-east-v4	cmsyi7f4x00ap01se4izd2q4w	true	40207 hi-res -- v4
probablefutures.40207-hires-p02-west-v4	cmsyi7f4x00ap01se4izd2q4w	false	40207 hi-res -- v4
probablefutures.40207-hires-p02-west-v4	cmsyi7f4x00ap01se4izd2q4w	true	40207 hi-res -- v4
probablefutures.40207-hires-p08-east-v4	cmsyi7f4x00ap01se4izd2q4w	false	40207 hi-res -- v4
probablefutures.40207-hires-p08-east-v4	cmsyi7f4x00ap01se4izd2q4w	true	40207 hi-res -- v4
probablefutures.40207-hires-p08-west-v4	cmsyi7f4x00ap01se4izd2q4w	false	40207 hi-res -- v4
probablefutures.40207-hires-p08-west-v4	cmsyi7f4x00ap01se4izd2q4w	true	40207 hi-res -- v4
probablefutures.40207-hires-west-v4	cmsyi7f4x00ap01se4izd2q4w	false	40207 hi-res -- v4
probablefutures.40207-hires-west-v4	cmsyi7f4x00ap01se4izd2q4w	true	40207 hi-res -- v4
probablefutures.40207-west-v3	cltx1yoqo00eb01qwcebs7d3z	false	Average winter temperatures -- v3
probablefutures.40207-west-v3	cltx1yoqo00eb01qwcebs7d3z	true	Average winter temperatures -- v3
probablefutures.40208-east-v3	clyx4nsgr009s01pf0fn0487n	false	Three coldest days - consecutive, ensemble maxmin -- v3
probablefutures.40208-east-v3	clyx4nsgr009s01pf0fn0487n	true	Three coldest days - consecutive, ensemble maxmin -- v3
probablefutures.40208-west-v3	clyx4nsgr009s01pf0fn0487n	false	Three coldest days - consecutive, ensemble maxmin -- v3
probablefutures.40208-west-v3	clyx4nsgr009s01pf0fn0487n	true	Three coldest days - consecutive, ensemble maxmin -- v3
probablefutures.40301-diff-east-v4	cmszxjf6o00c301sd5g7p5oe8	false	40301 diff -- v4
probablefutures.40301-diff-east-v4	cmszxjf6o00c301sd5g7p5oe8	true	40301 diff -- v4
probablefutures.40301-diff-p02-east-v4	cmszxjf6o00c301sd5g7p5oe8	false	40301 diff -- v4
probablefutures.40301-diff-p02-east-v4	cmszxjf6o00c301sd5g7p5oe8	true	40301 diff -- v4
probablefutures.40301-diff-p02-west-v4	cmszxjf6o00c301sd5g7p5oe8	false	40301 diff -- v4
probablefutures.40301-diff-p02-west-v4	cmszxjf6o00c301sd5g7p5oe8	true	40301 diff -- v4
probablefutures.40301-diff-p08-east-v4	cmszxjf6o00c301sd5g7p5oe8	false	40301 diff -- v4
probablefutures.40301-diff-p08-east-v4	cmszxjf6o00c301sd5g7p5oe8	true	40301 diff -- v4
probablefutures.40301-diff-p08-west-v4	cmszxjf6o00c301sd5g7p5oe8	false	40301 diff -- v4
probablefutures.40301-diff-p08-west-v4	cmszxjf6o00c301sd5g7p5oe8	true	40301 diff -- v4
probablefutures.40301-diff-west-v4	cmszxjf6o00c301sd5g7p5oe8	false	40301 diff -- v4
probablefutures.40301-diff-west-v4	cmszxjf6o00c301sd5g7p5oe8	true	40301 diff -- v4
probablefutures.40301-east-v1	cl5amu6qw000116nvng3b1p55	false	Days above 26°C wet-bulb -- global RCM RegCM-REMO ensemble -- v1
probablefutures.40301-east-v1	cl5amu6qw000116nvng3b1p55	true	Days above 26°C wet-bulb -- global RCM RegCM-REMO ensemble -- v1
probablefutures.40301-east-v2	cle5pyznm003j01qmrmk88o4c	false	Days above 26°C wet-bulb -- v2
probablefutures.40301-east-v2	cle5pyznm003j01qmrmk88o4c	true	Days above 26°C wet-bulb -- v2
probablefutures.40301-east-v3	clhzzu7r2028d01r01jasa97q	false	Days above 26°C wet-bulb -- v3
probablefutures.40301-east-v3	clhzzu7r2028d01r01jasa97q	true	Days above 26°C wet-bulb -- v3
probablefutures.40301-era5-east-v4	cmth9hhhc008i01qt53pg8jty	false	40301 era5 -- v4
probablefutures.40301-era5-east-v4	cmth9hhhc008i01qt53pg8jty	true	40301 era5 -- v4
probablefutures.40301-era5-west-v4	cmth9hhhc008i01qt53pg8jty	false	40301 era5 -- v4
probablefutures.40301-era5-west-v4	cmth9hhhc008i01qt53pg8jty	true	40301 era5 -- v4
probablefutures.40301-hires-east-v4	cmsngflyi010c01sf2jfc8xkc	false	40301 hi-res -- v4
probablefutures.40301-hires-east-v4	cmsngflyi010c01sf2jfc8xkc	true	40301 hi-res -- v4
probablefutures.40301-hires-p02-east-v4	cmsngflyi010c01sf2jfc8xkc	false	40301 hi-res -- v4
probablefutures.40301-hires-p02-east-v4	cmsngflyi010c01sf2jfc8xkc	true	40301 hi-res -- v4
probablefutures.40301-hires-p02-west-v4	cmsngflyi010c01sf2jfc8xkc	false	40301 hi-res -- v4
probablefutures.40301-hires-p02-west-v4	cmsngflyi010c01sf2jfc8xkc	true	40301 hi-res -- v4
probablefutures.40301-hires-p08-east-v4	cmsngflyi010c01sf2jfc8xkc	false	40301 hi-res -- v4
probablefutures.40301-hires-p08-east-v4	cmsngflyi010c01sf2jfc8xkc	true	40301 hi-res -- v4
probablefutures.40301-hires-p08-west-v4	cmsngflyi010c01sf2jfc8xkc	false	40301 hi-res -- v4
probablefutures.40301-hires-p08-west-v4	cmsngflyi010c01sf2jfc8xkc	true	40301 hi-res -- v4
probablefutures.40301-hires-west-v4	cmsngflyi010c01sf2jfc8xkc	false	40301 hi-res -- v4
probablefutures.40301-hires-west-v4	cmsngflyi010c01sf2jfc8xkc	true	40301 hi-res -- v4
probablefutures.40301-west-v1	cl5amu6qw000116nvng3b1p55	false	Days above 26°C wet-bulb -- global RCM RegCM-REMO ensemble -- v1
probablefutures.40301-west-v1	cl5amu6qw000116nvng3b1p55	true	Days above 26°C wet-bulb -- global RCM RegCM-REMO ensemble -- v1
probablefutures.40301-west-v2	cle5pyznm003j01qmrmk88o4c	false	Days above 26°C wet-bulb -- v2
probablefutures.40301-west-v2	cle5pyznm003j01qmrmk88o4c	true	Days above 26°C wet-bulb -- v2
probablefutures.40301-west-v3	clhzzu7r2028d01r01jasa97q	false	Days above 26°C wet-bulb -- v3
probablefutures.40301-west-v3	clhzzu7r2028d01r01jasa97q	true	Days above 26°C wet-bulb -- v3
probablefutures.40302-diff-east-v4	cmszxw8lq00af01sa1chs7ogl	false	40302 diff -- v4
probablefutures.40302-diff-east-v4	cmszxw8lq00af01sa1chs7ogl	true	40302 diff -- v4
probablefutures.40302-diff-p02-east-v4	cmszxw8lq00af01sa1chs7ogl	false	40302 diff -- v4
probablefutures.40302-diff-p02-east-v4	cmszxw8lq00af01sa1chs7ogl	true	40302 diff -- v4
probablefutures.40302-diff-p02-west-v4	cmszxw8lq00af01sa1chs7ogl	false	40302 diff -- v4
probablefutures.40302-diff-p02-west-v4	cmszxw8lq00af01sa1chs7ogl	true	40302 diff -- v4
probablefutures.40302-diff-p08-east-v4	cmszxw8lq00af01sa1chs7ogl	false	40302 diff -- v4
probablefutures.40302-diff-p08-east-v4	cmszxw8lq00af01sa1chs7ogl	true	40302 diff -- v4
probablefutures.40302-diff-p08-west-v4	cmszxw8lq00af01sa1chs7ogl	false	40302 diff -- v4
probablefutures.40302-diff-p08-west-v4	cmszxw8lq00af01sa1chs7ogl	true	40302 diff -- v4
probablefutures.40302-diff-west-v4	cmszxw8lq00af01sa1chs7ogl	false	40302 diff -- v4
probablefutures.40302-diff-west-v4	cmszxw8lq00af01sa1chs7ogl	true	40302 diff -- v4
probablefutures.40302-east-v1	cl5amzusp000614q9nl0de34p	false	Days above 28°C wet-bulb -- global RCM RegCM-REMO ensemble -- v1
probablefutures.40302-east-v1	cl5amzusp000614q9nl0de34p	true	Days above 28°C wet-bulb -- global RCM RegCM-REMO ensemble -- v1
probablefutures.40302-east-v2	cle8k0wbj003e01lnanhdzzv4	false	Days above 28°C wet-bulb -- v2
probablefutures.40302-east-v2	cle8k0wbj003e01lnanhdzzv4	true	Days above 28°C wet-bulb -- v2
probablefutures.40302-east-v3	clhzzzbze000k01r1h9m1cql6	false	Days above 28°C wet-bulb -- v3
probablefutures.40302-east-v3	clhzzzbze000k01r1h9m1cql6	true	Days above 28°C wet-bulb -- v3
probablefutures.40302-era5-east-v4	cmth9lorw007z01s10f2h068d	false	40302 era5 -- v4
probablefutures.40302-era5-east-v4	cmth9lorw007z01s10f2h068d	true	40302 era5 -- v4
probablefutures.40302-era5-west-v4	cmth9lorw007z01s10f2h068d	false	40302 era5 -- v4
probablefutures.40302-era5-west-v4	cmth9lorw007z01s10f2h068d	true	40302 era5 -- v4
probablefutures.40302-hires-east-v4	cmsngnqdm012r01s80xrw7a1s	false	40302 hi-res -- v4
probablefutures.40302-hires-east-v4	cmsngnqdm012r01s80xrw7a1s	true	40302 hi-res -- v4
probablefutures.40302-hires-p02-east-v4	cmsngnqdm012r01s80xrw7a1s	false	40302 hi-res -- v4
probablefutures.40302-hires-p02-east-v4	cmsngnqdm012r01s80xrw7a1s	true	40302 hi-res -- v4
probablefutures.40302-hires-p02-west-v4	cmsngnqdm012r01s80xrw7a1s	false	40302 hi-res -- v4
probablefutures.40302-hires-p02-west-v4	cmsngnqdm012r01s80xrw7a1s	true	40302 hi-res -- v4
probablefutures.40302-hires-p08-east-v4	cmsngnqdm012r01s80xrw7a1s	false	40302 hi-res -- v4
probablefutures.40302-hires-p08-east-v4	cmsngnqdm012r01s80xrw7a1s	true	40302 hi-res -- v4
probablefutures.40302-hires-p08-west-v4	cmsngnqdm012r01s80xrw7a1s	false	40302 hi-res -- v4
probablefutures.40302-hires-p08-west-v4	cmsngnqdm012r01s80xrw7a1s	true	40302 hi-res -- v4
probablefutures.40302-hires-west-v4	cmsngnqdm012r01s80xrw7a1s	false	40302 hi-res -- v4
probablefutures.40302-hires-west-v4	cmsngnqdm012r01s80xrw7a1s	true	40302 hi-res -- v4
probablefutures.40302-west-v1	cl5amzusp000614q9nl0de34p	false	Days above 28°C wet-bulb -- global RCM RegCM-REMO ensemble -- v1
probablefutures.40302-west-v1	cl5amzusp000614q9nl0de34p	true	Days above 28°C wet-bulb -- global RCM RegCM-REMO ensemble -- v1
probablefutures.40302-west-v2	cle8k0wbj003e01lnanhdzzv4	false	Days above 28°C wet-bulb -- v2
probablefutures.40302-west-v2	cle8k0wbj003e01lnanhdzzv4	true	Days above 28°C wet-bulb -- v2
probablefutures.40302-west-v3	clhzzzbze000k01r1h9m1cql6	false	Days above 28°C wet-bulb -- v3
probablefutures.40302-west-v3	clhzzzbze000k01r1h9m1cql6	true	Days above 28°C wet-bulb -- v3
probablefutures.40303-diff-east-v4	cmt05whxc000501qz3uuvd395	false	40303 diff -- v4
probablefutures.40303-diff-east-v4	cmt05whxc000501qz3uuvd395	true	40303 diff -- v4
probablefutures.40303-diff-p02-east-v4	cmt05whxc000501qz3uuvd395	false	40303 diff -- v4
probablefutures.40303-diff-p02-east-v4	cmt05whxc000501qz3uuvd395	true	40303 diff -- v4
probablefutures.40303-diff-p02-west-v4	cmt05whxc000501qz3uuvd395	false	40303 diff -- v4
probablefutures.40303-diff-p02-west-v4	cmt05whxc000501qz3uuvd395	true	40303 diff -- v4
probablefutures.40303-diff-p08-east-v4	cmt05whxc000501qz3uuvd395	false	40303 diff -- v4
probablefutures.40303-diff-p08-east-v4	cmt05whxc000501qz3uuvd395	true	40303 diff -- v4
probablefutures.40303-diff-p08-west-v4	cmt05whxc000501qz3uuvd395	false	40303 diff -- v4
probablefutures.40303-diff-p08-west-v4	cmt05whxc000501qz3uuvd395	true	40303 diff -- v4
probablefutures.40303-diff-west-v4	cmt05whxc000501qz3uuvd395	false	40303 diff -- v4
probablefutures.40303-diff-west-v4	cmt05whxc000501qz3uuvd395	true	40303 diff -- v4
probablefutures.40303-east-v1	cl5an7fl4000216nv693x0atj	false	Days above 30°C wet-bulb -- global RCM RegCM-REMO ensemble -- v1
probablefutures.40303-east-v1	cl5an7fl4000216nv693x0atj	true	Days above 30°C wet-bulb -- global RCM RegCM-REMO ensemble -- v1
probablefutures.40303-east-v2	cle8k6mxy001401nzqjb2i47s	false	Days above 30°C wet-bulb -- v2
probablefutures.40303-east-v2	cle8k6mxy001401nzqjb2i47s	true	Days above 30°C wet-bulb -- v2
probablefutures.40303-east-v3	cli004t7p02av01quclg5aoqe	false	Days above 30°C wet-bulb -- v3
probablefutures.40303-east-v3	cli004t7p02av01quclg5aoqe	true	Days above 30°C wet-bulb -- v3
probablefutures.40303-era5-east-v4	cmth9v0a7008k01qtcmqa1r61	false	40303 era5 -- v4
probablefutures.40303-era5-east-v4	cmth9v0a7008k01qtcmqa1r61	true	40303 era5 -- v4
probablefutures.40303-era5-west-v4	cmth9v0a7008k01qtcmqa1r61	false	40303 era5 -- v4
probablefutures.40303-era5-west-v4	cmth9v0a7008k01qtcmqa1r61	true	40303 era5 -- v4
probablefutures.40303-hires-east-v4	cmsyinukc007p01qy7kgpbmb2	false	40303 hi-res -- v4
probablefutures.40303-hires-east-v4	cmsyinukc007p01qy7kgpbmb2	true	40303 hi-res -- v4
probablefutures.40303-hires-p02-east-v4	cmsyinukc007p01qy7kgpbmb2	false	40303 hi-res -- v4
probablefutures.40303-hires-p02-east-v4	cmsyinukc007p01qy7kgpbmb2	true	40303 hi-res -- v4
probablefutures.40303-hires-p02-west-v4	cmsyinukc007p01qy7kgpbmb2	false	40303 hi-res -- v4
probablefutures.40303-hires-p02-west-v4	cmsyinukc007p01qy7kgpbmb2	true	40303 hi-res -- v4
probablefutures.40303-hires-p08-east-v4	cmsyinukc007p01qy7kgpbmb2	false	40303 hi-res -- v4
probablefutures.40303-hires-p08-east-v4	cmsyinukc007p01qy7kgpbmb2	true	40303 hi-res -- v4
probablefutures.40303-hires-p08-west-v4	cmsyinukc007p01qy7kgpbmb2	false	40303 hi-res -- v4
probablefutures.40303-hires-p08-west-v4	cmsyinukc007p01qy7kgpbmb2	true	40303 hi-res -- v4
probablefutures.40303-hires-west-v4	cmsyinukc007p01qy7kgpbmb2	false	40303 hi-res -- v4
probablefutures.40303-hires-west-v4	cmsyinukc007p01qy7kgpbmb2	true	40303 hi-res -- v4
probablefutures.40303-west-v1	cl5an7fl4000216nv693x0atj	false	Days above 30°C wet-bulb -- global RCM RegCM-REMO ensemble -- v1
probablefutures.40303-west-v1	cl5an7fl4000216nv693x0atj	true	Days above 30°C wet-bulb -- global RCM RegCM-REMO ensemble -- v1
probablefutures.40303-west-v2	cle8k6mxy001401nzqjb2i47s	false	Days above 30°C wet-bulb -- v2
probablefutures.40303-west-v2	cle8k6mxy001401nzqjb2i47s	true	Days above 30°C wet-bulb -- v2
probablefutures.40303-west-v3	cli004t7p02av01quclg5aoqe	false	Days above 30°C wet-bulb -- v3
probablefutures.40303-west-v3	cli004t7p02av01quclg5aoqe	true	Days above 30°C wet-bulb -- v3
probablefutures.40304-diff-east-v4	cmt0684aw000a01scaoedg1s7	false	40304 diff -- v4
probablefutures.40304-diff-east-v4	cmt0684aw000a01scaoedg1s7	true	40304 diff -- v4
probablefutures.40304-diff-p02-east-v4	cmt0684aw000a01scaoedg1s7	false	40304 diff -- v4
probablefutures.40304-diff-p02-east-v4	cmt0684aw000a01scaoedg1s7	true	40304 diff -- v4
probablefutures.40304-diff-p02-west-v4	cmt0684aw000a01scaoedg1s7	false	40304 diff -- v4
probablefutures.40304-diff-p02-west-v4	cmt0684aw000a01scaoedg1s7	true	40304 diff -- v4
probablefutures.40304-diff-p08-east-v4	cmt0684aw000a01scaoedg1s7	false	40304 diff -- v4
probablefutures.40304-diff-p08-east-v4	cmt0684aw000a01scaoedg1s7	true	40304 diff -- v4
probablefutures.40304-diff-p08-west-v4	cmt0684aw000a01scaoedg1s7	false	40304 diff -- v4
probablefutures.40304-diff-p08-west-v4	cmt0684aw000a01scaoedg1s7	true	40304 diff -- v4
probablefutures.40304-diff-west-v4	cmt0684aw000a01scaoedg1s7	false	40304 diff -- v4
probablefutures.40304-diff-west-v4	cmt0684aw000a01scaoedg1s7	true	40304 diff -- v4
probablefutures.40304-east-v1	cl5anc752002m14ung7uqotzq	false	Days above 32°C wet-bulb -- global RCM RegCM-REMO ensemble -- v1
probablefutures.40304-east-v1	cl5anc752002m14ung7uqotzq	true	Days above 32°C wet-bulb -- global RCM RegCM-REMO ensemble -- v1
probablefutures.40304-east-v2	cle8kep4j007q01qm7mlwazow	false	Days above 32°C wet-bulb -- v2
probablefutures.40304-east-v2	cle8kep4j007q01qm7mlwazow	true	Days above 32°C wet-bulb -- v2
probablefutures.40304-east-v3	cli00aegl02cf01pn98g44e3e	false	Days above 32°C wet-bulb -- v3
probablefutures.40304-east-v3	cli00aegl02cf01pn98g44e3e	true	Days above 32°C wet-bulb -- v3
probablefutures.40304-era5-east-v4	cmth9ytm8007z01qufg3j4bac	false	40304 era5 -- v4
probablefutures.40304-era5-east-v4	cmth9ytm8007z01qufg3j4bac	true	40304 era5 -- v4
probablefutures.40304-era5-west-v4	cmth9ytm8007z01qufg3j4bac	false	40304 era5 -- v4
probablefutures.40304-era5-west-v4	cmth9ytm8007z01qufg3j4bac	true	40304 era5 -- v4
probablefutures.40304-hires-east-v4	cmsyj3x2w00at01sea2bqctui	false	40304 hi-res -- v4
probablefutures.40304-hires-east-v4	cmsyj3x2w00at01sea2bqctui	true	40304 hi-res -- v4
probablefutures.40304-hires-p02-east-v4	cmsyj3x2w00at01sea2bqctui	false	40304 hi-res -- v4
probablefutures.40304-hires-p02-east-v4	cmsyj3x2w00at01sea2bqctui	true	40304 hi-res -- v4
probablefutures.40304-hires-p02-west-v4	cmsyj3x2w00at01sea2bqctui	false	40304 hi-res -- v4
probablefutures.40304-hires-p02-west-v4	cmsyj3x2w00at01sea2bqctui	true	40304 hi-res -- v4
probablefutures.40304-hires-p08-east-v4	cmsyj3x2w00at01sea2bqctui	false	40304 hi-res -- v4
probablefutures.40304-hires-p08-east-v4	cmsyj3x2w00at01sea2bqctui	true	40304 hi-res -- v4
probablefutures.40304-hires-p08-west-v4	cmsyj3x2w00at01sea2bqctui	false	40304 hi-res -- v4
probablefutures.40304-hires-p08-west-v4	cmsyj3x2w00at01sea2bqctui	true	40304 hi-res -- v4
probablefutures.40304-hires-west-v4	cmsyj3x2w00at01sea2bqctui	false	40304 hi-res -- v4
probablefutures.40304-hires-west-v4	cmsyj3x2w00at01sea2bqctui	true	40304 hi-res -- v4
probablefutures.40304-west-v1	cl5anc752002m14ung7uqotzq	false	Days above 32°C wet-bulb -- global RCM RegCM-REMO ensemble -- v1
probablefutures.40304-west-v1	cl5anc752002m14ung7uqotzq	true	Days above 32°C wet-bulb -- global RCM RegCM-REMO ensemble -- v1
probablefutures.40304-west-v2	cle8kep4j007q01qm7mlwazow	false	Days above 32°C wet-bulb -- v2
probablefutures.40304-west-v2	cle8kep4j007q01qm7mlwazow	true	Days above 32°C wet-bulb -- v2
probablefutures.40304-west-v3	cli00aegl02cf01pn98g44e3e	false	Days above 32°C wet-bulb -- v3
probablefutures.40304-west-v3	cli00aegl02cf01pn98g44e3e	true	Days above 32°C wet-bulb -- v3
probablefutures.40305-east-v1	cl5anh0ke003a14pm9u2g5rdq	false	10 hottest wet-bulb days -- global RCM RegCM-REMO ensemble -- v1
probablefutures.40305-east-v1	cl5anh0ke003a14pm9u2g5rdq	true	10 hottest wet-bulb days -- global RCM RegCM-REMO ensemble -- v1
probablefutures.40305-east-v2	cle8kk10600cp01te0c5ggrkz	false	10 hottest wet-bulb days -- v2
probablefutures.40305-east-v2	cle8kk10600cp01te0c5ggrkz	true	10 hottest wet-bulb days -- v2
probablefutures.40305-east-v3	cli00g7pj00f501pn7ox1hz7b	false	10 hottest wet-bulb days -- v3
probablefutures.40305-east-v3	cli00g7pj00f501pn7ox1hz7b	true	10 hottest wet-bulb days -- v3
probablefutures.40305-era5-east-v4	cmth9c5v9006b01s5c3ni4krz	false	40305 era5 -- v4
probablefutures.40305-era5-east-v4	cmth9c5v9006b01s5c3ni4krz	true	40305 era5 -- v4
probablefutures.40305-era5-west-v4	cmth9c5v9006b01s5c3ni4krz	false	40305 era5 -- v4
probablefutures.40305-era5-west-v4	cmth9c5v9006b01s5c3ni4krz	true	40305 era5 -- v4
probablefutures.40305-west-v1	cl5anh0ke003a14pm9u2g5rdq	false	10 hottest wet-bulb days -- global RCM RegCM-REMO ensemble -- v1
probablefutures.40305-west-v1	cl5anh0ke003a14pm9u2g5rdq	true	10 hottest wet-bulb days -- global RCM RegCM-REMO ensemble -- v1
probablefutures.40305-west-v2	cle8kk10600cp01te0c5ggrkz	false	10 hottest wet-bulb days -- v2
probablefutures.40305-west-v2	cle8kk10600cp01te0c5ggrkz	true	10 hottest wet-bulb days -- v2
probablefutures.40305-west-v3	cli00g7pj00f501pn7ox1hz7b	false	10 hottest wet-bulb days -- v3
probablefutures.40305-west-v3	cli00g7pj00f501pn7ox1hz7b	true	10 hottest wet-bulb days -- v3
probablefutures.40401-east-v3	clo8j3xby00x601qm5swhfhif	false	Likelihood of daytime heat wave -- v3
probablefutures.40401-east-v3	clo8j3xby00x601qm5swhfhif	true	Likelihood of daytime heat wave -- v3
probablefutures.40401-west-v3	clo8j3xby00x601qm5swhfhif	false	Likelihood of daytime heat wave -- v3
probablefutures.40401-west-v3	clo8j3xby00x601qm5swhfhif	true	Likelihood of daytime heat wave -- v3
probablefutures.40402-east-v3	clogysogp008b01qqg4bfgumv	false	Likelihood of nighttime heat wave -- v3
probablefutures.40402-east-v3	clogysogp008b01qqg4bfgumv	true	Likelihood of nighttime heat wave -- v3
probablefutures.40402-west-v3	clogysogp008b01qqg4bfgumv	false	Likelihood of nighttime heat wave -- v3
probablefutures.40402-west-v3	clogysogp008b01qqg4bfgumv	true	Likelihood of nighttime heat wave -- v3
probablefutures.40601-abs-east-v4	cmtiovs2g00bt01qtcqzkdgt6	false	40601 abs -- v4
probablefutures.40601-abs-east-v4	cmtiovs2g00bt01qtcqzkdgt6	true	40601 abs -- v4
probablefutures.40601-abs-p02-east-v4	cmtiovs2g00bt01qtcqzkdgt6	false	40601 abs -- v4
probablefutures.40601-abs-p02-east-v4	cmtiovs2g00bt01qtcqzkdgt6	true	40601 abs -- v4
probablefutures.40601-abs-p02-west-v4	cmtiovs2g00bt01qtcqzkdgt6	false	40601 abs -- v4
probablefutures.40601-abs-p02-west-v4	cmtiovs2g00bt01qtcqzkdgt6	true	40601 abs -- v4
probablefutures.40601-abs-p08-east-v4	cmtiovs2g00bt01qtcqzkdgt6	false	40601 abs -- v4
probablefutures.40601-abs-p08-east-v4	cmtiovs2g00bt01qtcqzkdgt6	true	40601 abs -- v4
probablefutures.40601-abs-p08-west-v4	cmtiovs2g00bt01qtcqzkdgt6	false	40601 abs -- v4
probablefutures.40601-abs-p08-west-v4	cmtiovs2g00bt01qtcqzkdgt6	true	40601 abs -- v4
probablefutures.40601-abs-west-v4	cmtiovs2g00bt01qtcqzkdgt6	false	40601 abs -- v4
probablefutures.40601-abs-west-v4	cmtiovs2g00bt01qtcqzkdgt6	true	40601 abs -- v4
probablefutures.40601-diff-east-v4	cmszy8x6w00ed01se66tnf7gk	false	40601 diff -- v4
probablefutures.40601-diff-east-v4	cmszy8x6w00ed01se66tnf7gk	true	40601 diff -- v4
probablefutures.40601-diff-p02-east-v4	cmszy8x6w00ed01se66tnf7gk	false	40601 diff -- v4
probablefutures.40601-diff-p02-east-v4	cmszy8x6w00ed01se66tnf7gk	true	40601 diff -- v4
probablefutures.40601-diff-p02-west-v4	cmszy8x6w00ed01se66tnf7gk	false	40601 diff -- v4
probablefutures.40601-diff-p02-west-v4	cmszy8x6w00ed01se66tnf7gk	true	40601 diff -- v4
probablefutures.40601-diff-p08-east-v4	cmszy8x6w00ed01se66tnf7gk	false	40601 diff -- v4
probablefutures.40601-diff-p08-east-v4	cmszy8x6w00ed01se66tnf7gk	true	40601 diff -- v4
probablefutures.40601-diff-p08-west-v4	cmszy8x6w00ed01se66tnf7gk	false	40601 diff -- v4
probablefutures.40601-diff-p08-west-v4	cmszy8x6w00ed01se66tnf7gk	true	40601 diff -- v4
probablefutures.40601-diff-west-v4	cmszy8x6w00ed01se66tnf7gk	false	40601 diff -- v4
probablefutures.40601-diff-west-v4	cmszy8x6w00ed01se66tnf7gk	true	40601 diff -- v4
probablefutures.40601-east-v1	cl56ktc2f000l14l930kj9hcl	false	Change in total annual precipitation -- global RCM RegCM-REMO ensemble -- v1
probablefutures.40601-east-v1	cl56ktc2f000l14l930kj9hcl	true	Change in total annual precipitation -- global RCM RegCM-REMO ensemble -- v1
probablefutures.40601-east-v3	clhufmhfn023y01pn976z0gws	false	Change in total annual precipitation -- v3
probablefutures.40601-east-v3	clhufmhfn023y01pn976z0gws	true	Change in total annual precipitation -- v3
probablefutures.40601-east-v3	clk00bkc200re01nm7s2o1dqt	false	Change in total annual precipitation -- v3-copy
probablefutures.40601-east-v3	clk00bkc200re01nm7s2o1dqt	true	Change in total annual precipitation -- v3-copy
probablefutures.40601-east-v3-m-m	cmhjh9x7r00eg01rgfljbfahr	false	Change in total annual precipitation -- v3-m-m
probablefutures.40601-east-v3-m-m	cmhjh9x7r00eg01rgfljbfahr	true	Change in total annual precipitation -- v3-m-m
probablefutures.40601-era5-east-v4	cmthf0wyk006s01s52u11c0dl	false	40601 era5 -- v4
probablefutures.40601-era5-east-v4	cmthf0wyk006s01s52u11c0dl	true	40601 era5 -- v4
probablefutures.40601-era5-west-v4	cmthf0wyk006s01s52u11c0dl	false	40601 era5 -- v4
probablefutures.40601-era5-west-v4	cmthf0wyk006s01s52u11c0dl	true	40601 era5 -- v4
probablefutures.40601-hires-east-v4	cmsngxa0q00rc01sa9dsv3k63	false	40601 hi-res -- v4
probablefutures.40601-hires-east-v4	cmsngxa0q00rc01sa9dsv3k63	true	40601 hi-res -- v4
probablefutures.40601-hires-p02-east-v4	cmsngxa0q00rc01sa9dsv3k63	false	40601 hi-res -- v4
probablefutures.40601-hires-p02-east-v4	cmsngxa0q00rc01sa9dsv3k63	true	40601 hi-res -- v4
probablefutures.40601-hires-p02-west-v4	cmsngxa0q00rc01sa9dsv3k63	false	40601 hi-res -- v4
probablefutures.40601-hires-p02-west-v4	cmsngxa0q00rc01sa9dsv3k63	true	40601 hi-res -- v4
probablefutures.40601-hires-p08-east-v4	cmsngxa0q00rc01sa9dsv3k63	false	40601 hi-res -- v4
probablefutures.40601-hires-p08-east-v4	cmsngxa0q00rc01sa9dsv3k63	true	40601 hi-res -- v4
probablefutures.40601-hires-p08-west-v4	cmsngxa0q00rc01sa9dsv3k63	false	40601 hi-res -- v4
probablefutures.40601-hires-p08-west-v4	cmsngxa0q00rc01sa9dsv3k63	true	40601 hi-res -- v4
probablefutures.40601-hires-west-v4	cmsngxa0q00rc01sa9dsv3k63	false	40601 hi-res -- v4
probablefutures.40601-hires-west-v4	cmsngxa0q00rc01sa9dsv3k63	true	40601 hi-res -- v4
probablefutures.40601-v3abs-east-v4	cmtinyy5n00br01qtexnz1blu	false	40601 v3abs -- v4
probablefutures.40601-v3abs-east-v4	cmtinyy5n00br01qtexnz1blu	true	40601 v3abs -- v4
probablefutures.40601-v3abs-west-v4	cmtinyy5n00br01qtexnz1blu	false	40601 v3abs -- v4
probablefutures.40601-v3abs-west-v4	cmtinyy5n00br01qtexnz1blu	true	40601 v3abs -- v4
probablefutures.40601-west-v1	cl56ktc2f000l14l930kj9hcl	false	Change in total annual precipitation -- global RCM RegCM-REMO ensemble -- v1
probablefutures.40601-west-v1	cl56ktc2f000l14l930kj9hcl	true	Change in total annual precipitation -- global RCM RegCM-REMO ensemble -- v1
probablefutures.40601-west-v3	clhufmhfn023y01pn976z0gws	false	Change in total annual precipitation -- v3
probablefutures.40601-west-v3	clhufmhfn023y01pn976z0gws	true	Change in total annual precipitation -- v3
probablefutures.40601-west-v3	clk00bkc200re01nm7s2o1dqt	false	Change in total annual precipitation -- v3-copy
probablefutures.40601-west-v3	clk00bkc200re01nm7s2o1dqt	true	Change in total annual precipitation -- v3-copy
probablefutures.40601-west-v3-m-m	cmhjh9x7r00eg01rgfljbfahr	false	Change in total annual precipitation -- v3-m-m
probablefutures.40601-west-v3-m-m	cmhjh9x7r00eg01rgfljbfahr	true	Change in total annual precipitation -- v3-m-m
probablefutures.40607-east-v1	cl589lwuf000814unun1bxaxj	false	Change in dry hot days -- global RCM RegCM-REMO ensemble -- v1
probablefutures.40607-east-v1	cl589lwuf000814unun1bxaxj	true	Change in dry hot days -- global RCM RegCM-REMO ensemble -- v1
probablefutures.40607-east-v3	clhuooyb7004n01qu85kh24fo	false	Change in dry hot days -- v3
probablefutures.40607-east-v3	clhuooyb7004n01qu85kh24fo	true	Change in dry hot days -- v3
probablefutures.40607-era5-east-v4	cmthf4eca009301qt9k4w180i	false	40607 era5 -- v4
probablefutures.40607-era5-east-v4	cmthf4eca009301qt9k4w180i	true	40607 era5 -- v4
probablefutures.40607-era5-west-v4	cmthf4eca009301qt9k4w180i	false	40607 era5 -- v4
probablefutures.40607-era5-west-v4	cmthf4eca009301qt9k4w180i	true	40607 era5 -- v4
probablefutures.40607-west-v1	cl589lwuf000814unun1bxaxj	false	Change in dry hot days -- global RCM RegCM-REMO ensemble -- v1
probablefutures.40607-west-v1	cl589lwuf000814unun1bxaxj	true	Change in dry hot days -- global RCM RegCM-REMO ensemble -- v1
probablefutures.40607-west-v3	clhuooyb7004n01qu85kh24fo	false	Change in dry hot days -- v3
probablefutures.40607-west-v3	clhuooyb7004n01qu85kh24fo	true	Change in dry hot days -- v3
probablefutures.40612-east-v1	cl5anvbn3000416nvlqq0q625	false	Change in frequency of "1-in-100 year" storm -- global RCM RegCM-REMO ensemble -- v1
probablefutures.40612-east-v1	cl5anvbn3000416nvlqq0q625	true	Change in frequency of "1-in-100 year" storm -- global RCM RegCM-REMO ensemble -- v1
probablefutures.40612-east-v3	clhuot8cr024o01pnfdqf710x	false	Change in frequency of "1-in-100 year" storm -- v3
probablefutures.40612-east-v3	clhuot8cr024o01pnfdqf710x	true	Change in frequency of "1-in-100 year" storm -- v3
probablefutures.40612-west-v1	cl5anvbn3000416nvlqq0q625	false	Change in frequency of "1-in-100 year" storm -- global RCM RegCM-REMO ensemble -- v1
probablefutures.40612-west-v1	cl5anvbn3000416nvlqq0q625	true	Change in frequency of "1-in-100 year" storm -- global RCM RegCM-REMO ensemble -- v1
probablefutures.40612-west-v3	clhuot8cr024o01pnfdqf710x	false	Change in frequency of "1-in-100 year" storm -- v3
probablefutures.40612-west-v3	clhuot8cr024o01pnfdqf710x	true	Change in frequency of "1-in-100 year" storm -- v3
probablefutures.40613-east	cl0l5mcrm001u14mysbn650hp	false	Change in precipitation "1-in-100 year" storm (for comparison map -- Tour of precipitation page) -- global RCM RegCM-REMO ensemble
probablefutures.40613-east	cl0l5mcrm001u14mysbn650hp	true	Change in precipitation "1-in-100 year" storm (for comparison map -- Tour of precipitation page) -- global RCM RegCM-REMO ensemble
probablefutures.40613-east	cl0l5nckn003r14pfulx4jgl0	false	Change in precipitation "1-in-100 year" storm (for comparison map -- Tour of precipitation page) -- global RCM RegCM-REMO ensemble
probablefutures.40613-east	cl0l5nckn003r14pfulx4jgl0	true	Change in precipitation "1-in-100 year" storm (for comparison map -- Tour of precipitation page) -- global RCM RegCM-REMO ensemble
probablefutures.40613-east-v1	cl6kf3j3m003r15lji9052p2h	false	Change in precipitation "1-in-100 year" storm -- global RCM RegCM-REMO ensemble -- v1
probablefutures.40613-east-v1	cl6kf3j3m003r15lji9052p2h	true	Change in precipitation "1-in-100 year" storm -- global RCM RegCM-REMO ensemble -- v1
probablefutures.40613-east-v3	clhyiscjx028w01qu7vim9cml	false	Change in precipitation "1-in-100 year" storm -- v3
probablefutures.40613-east-v3	clhyiscjx028w01qu7vim9cml	true	Change in precipitation "1-in-100 year" storm -- v3
probablefutures.40613-era5-east-v4	cmthf82qt008w01sghyxvci7o	false	40613 era5 -- v4
probablefutures.40613-era5-east-v4	cmthf82qt008w01sghyxvci7o	true	40613 era5 -- v4
probablefutures.40613-era5-west-v4	cmthf82qt008w01sghyxvci7o	false	40613 era5 -- v4
probablefutures.40613-era5-west-v4	cmthf82qt008w01sghyxvci7o	true	40613 era5 -- v4
probablefutures.40613-west	cl0l5mcrm001u14mysbn650hp	false	Change in precipitation "1-in-100 year" storm (for comparison map -- Tour of precipitation page) -- global RCM RegCM-REMO ensemble
probablefutures.40613-west	cl0l5mcrm001u14mysbn650hp	true	Change in precipitation "1-in-100 year" storm (for comparison map -- Tour of precipitation page) -- global RCM RegCM-REMO ensemble
probablefutures.40613-west	cl0l5nckn003r14pfulx4jgl0	false	Change in precipitation "1-in-100 year" storm (for comparison map -- Tour of precipitation page) -- global RCM RegCM-REMO ensemble
probablefutures.40613-west	cl0l5nckn003r14pfulx4jgl0	true	Change in precipitation "1-in-100 year" storm (for comparison map -- Tour of precipitation page) -- global RCM RegCM-REMO ensemble
probablefutures.40613-west-v1	cl6kf3j3m003r15lji9052p2h	false	Change in precipitation "1-in-100 year" storm -- global RCM RegCM-REMO ensemble -- v1
probablefutures.40613-west-v1	cl6kf3j3m003r15lji9052p2h	true	Change in precipitation "1-in-100 year" storm -- global RCM RegCM-REMO ensemble -- v1
probablefutures.40613-west-v3	clhyiscjx028w01qu7vim9cml	false	Change in precipitation "1-in-100 year" storm -- v3
probablefutures.40613-west-v3	clhyiscjx028w01qu7vim9cml	true	Change in precipitation "1-in-100 year" storm -- v3
probablefutures.40614-abs-east-v4	cmtip54yu00au01qu0u4k7c0c	false	40614 abs -- v4
probablefutures.40614-abs-east-v4	cmtip54yu00au01qu0u4k7c0c	true	40614 abs -- v4
probablefutures.40614-abs-p02-east-v4	cmtip54yu00au01qu0u4k7c0c	false	40614 abs -- v4
probablefutures.40614-abs-p02-east-v4	cmtip54yu00au01qu0u4k7c0c	true	40614 abs -- v4
probablefutures.40614-abs-p02-west-v4	cmtip54yu00au01qu0u4k7c0c	false	40614 abs -- v4
probablefutures.40614-abs-p02-west-v4	cmtip54yu00au01qu0u4k7c0c	true	40614 abs -- v4
probablefutures.40614-abs-p08-east-v4	cmtip54yu00au01qu0u4k7c0c	false	40614 abs -- v4
probablefutures.40614-abs-p08-east-v4	cmtip54yu00au01qu0u4k7c0c	true	40614 abs -- v4
probablefutures.40614-abs-p08-west-v4	cmtip54yu00au01qu0u4k7c0c	false	40614 abs -- v4
probablefutures.40614-abs-p08-west-v4	cmtip54yu00au01qu0u4k7c0c	true	40614 abs -- v4
probablefutures.40614-abs-west-v4	cmtip54yu00au01qu0u4k7c0c	false	40614 abs -- v4
probablefutures.40614-abs-west-v4	cmtip54yu00au01qu0u4k7c0c	true	40614 abs -- v4
probablefutures.40614-diff-east-v4	cmszyls2c00c901sdfiaa23ux	false	40614 diff -- v4
probablefutures.40614-diff-east-v4	cmszyls2c00c901sdfiaa23ux	true	40614 diff -- v4
probablefutures.40614-diff-p02-east-v4	cmszyls2c00c901sdfiaa23ux	false	40614 diff -- v4
probablefutures.40614-diff-p02-east-v4	cmszyls2c00c901sdfiaa23ux	true	40614 diff -- v4
probablefutures.40614-diff-p02-west-v4	cmszyls2c00c901sdfiaa23ux	false	40614 diff -- v4
probablefutures.40614-diff-p02-west-v4	cmszyls2c00c901sdfiaa23ux	true	40614 diff -- v4
probablefutures.40614-diff-p08-east-v4	cmszyls2c00c901sdfiaa23ux	false	40614 diff -- v4
probablefutures.40614-diff-p08-east-v4	cmszyls2c00c901sdfiaa23ux	true	40614 diff -- v4
probablefutures.40614-diff-p08-west-v4	cmszyls2c00c901sdfiaa23ux	false	40614 diff -- v4
probablefutures.40614-diff-p08-west-v4	cmszyls2c00c901sdfiaa23ux	true	40614 diff -- v4
probablefutures.40614-diff-west-v4	cmszyls2c00c901sdfiaa23ux	false	40614 diff -- v4
probablefutures.40614-diff-west-v4	cmszyls2c00c901sdfiaa23ux	true	40614 diff -- v4
probablefutures.40614-east-v1	cl5ao7geu001z14rzmwumk3do	false	Change in snowy days -- global RCM RegCM-REMO ensemble -- v1
probablefutures.40614-east-v1	cl5ao7geu001z14rzmwumk3do	true	Change in snowy days -- global RCM RegCM-REMO ensemble -- v1
probablefutures.40614-east-v3	clhyixhg0028y01qu89iu8e2l	false	Change in snowy days -- v3
probablefutures.40614-east-v3	clhyixhg0028y01qu89iu8e2l	true	Change in snowy days -- v3
probablefutures.40614-east-v3	clk00czhr00sz01qvcdo0cfws	false	Change in snowy days -- v3-copy
probablefutures.40614-east-v3	clk00czhr00sz01qvcdo0cfws	true	Change in snowy days -- v3-copy
probablefutures.40614-era5-east-v4	cmthfbvuv008l01s1f2b0a7w9	false	40614 era5 -- v4
probablefutures.40614-era5-east-v4	cmthfbvuv008l01s1f2b0a7w9	true	40614 era5 -- v4
probablefutures.40614-era5-west-v4	cmthfbvuv008l01s1f2b0a7w9	false	40614 era5 -- v4
probablefutures.40614-era5-west-v4	cmthfbvuv008l01s1f2b0a7w9	true	40614 era5 -- v4
probablefutures.40614-hires-east-v4	cmsnh6k9500rh01sad4kp9g5q	false	40614 hi-res -- v4
probablefutures.40614-hires-east-v4	cmsnh6k9500rh01sad4kp9g5q	true	40614 hi-res -- v4
probablefutures.40614-hires-p02-east-v4	cmsnh6k9500rh01sad4kp9g5q	false	40614 hi-res -- v4
probablefutures.40614-hires-p02-east-v4	cmsnh6k9500rh01sad4kp9g5q	true	40614 hi-res -- v4
probablefutures.40614-hires-p02-west-v4	cmsnh6k9500rh01sad4kp9g5q	false	40614 hi-res -- v4
probablefutures.40614-hires-p02-west-v4	cmsnh6k9500rh01sad4kp9g5q	true	40614 hi-res -- v4
probablefutures.40614-hires-p08-east-v4	cmsnh6k9500rh01sad4kp9g5q	false	40614 hi-res -- v4
probablefutures.40614-hires-p08-east-v4	cmsnh6k9500rh01sad4kp9g5q	true	40614 hi-res -- v4
probablefutures.40614-hires-p08-west-v4	cmsnh6k9500rh01sad4kp9g5q	false	40614 hi-res -- v4
probablefutures.40614-hires-p08-west-v4	cmsnh6k9500rh01sad4kp9g5q	true	40614 hi-res -- v4
probablefutures.40614-hires-west-v4	cmsnh6k9500rh01sad4kp9g5q	false	40614 hi-res -- v4
probablefutures.40614-hires-west-v4	cmsnh6k9500rh01sad4kp9g5q	true	40614 hi-res -- v4
probablefutures.40614-v3abs-east-v4	cmtio50gy008x01s5fwswcxg8	false	40614 v3abs -- v4
probablefutures.40614-v3abs-east-v4	cmtio50gy008x01s5fwswcxg8	true	40614 v3abs -- v4
probablefutures.40614-v3abs-west-v4	cmtio50gy008x01s5fwswcxg8	false	40614 v3abs -- v4
probablefutures.40614-v3abs-west-v4	cmtio50gy008x01s5fwswcxg8	true	40614 v3abs -- v4
probablefutures.40614-west-v1	cl5ao7geu001z14rzmwumk3do	false	Change in snowy days -- global RCM RegCM-REMO ensemble -- v1
probablefutures.40614-west-v1	cl5ao7geu001z14rzmwumk3do	true	Change in snowy days -- global RCM RegCM-REMO ensemble -- v1
probablefutures.40614-west-v3	clhyixhg0028y01qu89iu8e2l	false	Change in snowy days -- v3
probablefutures.40614-west-v3	clhyixhg0028y01qu89iu8e2l	true	Change in snowy days -- v3
probablefutures.40614-west-v3	clk00czhr00sz01qvcdo0cfws	false	Change in snowy days -- v3-copy
probablefutures.40614-west-v3	clk00czhr00sz01qvcdo0cfws	true	Change in snowy days -- v3-copy
probablefutures.40616-abs-east-v4	cmtiphoos00b701sg201h20v8	false	40616 abs -- v4
probablefutures.40616-abs-east-v4	cmtiphoos00b701sg201h20v8	true	40616 abs -- v4
probablefutures.40616-abs-p02-east-v4	cmtiphoos00b701sg201h20v8	false	40616 abs -- v4
probablefutures.40616-abs-p02-east-v4	cmtiphoos00b701sg201h20v8	true	40616 abs -- v4
probablefutures.40616-abs-p02-west-v4	cmtiphoos00b701sg201h20v8	false	40616 abs -- v4
probablefutures.40616-abs-p02-west-v4	cmtiphoos00b701sg201h20v8	true	40616 abs -- v4
probablefutures.40616-abs-p08-east-v4	cmtiphoos00b701sg201h20v8	false	40616 abs -- v4
probablefutures.40616-abs-p08-east-v4	cmtiphoos00b701sg201h20v8	true	40616 abs -- v4
probablefutures.40616-abs-p08-west-v4	cmtiphoos00b701sg201h20v8	false	40616 abs -- v4
probablefutures.40616-abs-p08-west-v4	cmtiphoos00b701sg201h20v8	true	40616 abs -- v4
probablefutures.40616-abs-west-v4	cmtiphoos00b701sg201h20v8	false	40616 abs -- v4
probablefutures.40616-abs-west-v4	cmtiphoos00b701sg201h20v8	true	40616 abs -- v4
probablefutures.40616-diff-east-v4	cmt9xkbyx00h101sc8h6181fx	false	40616 diff -- v4
probablefutures.40616-diff-east-v4	cmt9xkbyx00h101sc8h6181fx	true	40616 diff -- v4
probablefutures.40616-diff-p02-east-v4	cmt9xkbyx00h101sc8h6181fx	false	40616 diff -- v4
probablefutures.40616-diff-p02-east-v4	cmt9xkbyx00h101sc8h6181fx	true	40616 diff -- v4
probablefutures.40616-diff-p02-west-v4	cmt9xkbyx00h101sc8h6181fx	false	40616 diff -- v4
probablefutures.40616-diff-p02-west-v4	cmt9xkbyx00h101sc8h6181fx	true	40616 diff -- v4
probablefutures.40616-diff-p08-east-v4	cmt9xkbyx00h101sc8h6181fx	false	40616 diff -- v4
probablefutures.40616-diff-p08-east-v4	cmt9xkbyx00h101sc8h6181fx	true	40616 diff -- v4
probablefutures.40616-diff-p08-west-v4	cmt9xkbyx00h101sc8h6181fx	false	40616 diff -- v4
probablefutures.40616-diff-p08-west-v4	cmt9xkbyx00h101sc8h6181fx	true	40616 diff -- v4
probablefutures.40616-diff-west-v4	cmt9xkbyx00h101sc8h6181fx	false	40616 diff -- v4
probablefutures.40616-diff-west-v4	cmt9xkbyx00h101sc8h6181fx	true	40616 diff -- v4
probablefutures.40616-east-v1	cl5aodqou005m14l92iv0mjnc	false	Change in wettest 90 days -- global RCM RegCM-REMO ensemble -- v1
probablefutures.40616-east-v1	cl5aodqou005m14l92iv0mjnc	true	Change in wettest 90 days -- global RCM RegCM-REMO ensemble -- v1
probablefutures.40616-east-v3	clhyj2rj6027601pr6h68953d	false	Change in wettest 90 days -- v3
probablefutures.40616-east-v3	clhyj2rj6027601pr6h68953d	true	Change in wettest 90 days -- v3
probablefutures.40616-era5-east-v4	cmthffg4i008m01s1037f1gqi	false	40616 era5 -- v4
probablefutures.40616-era5-east-v4	cmthffg4i008m01s1037f1gqi	true	40616 era5 -- v4
probablefutures.40616-era5-west-v4	cmthffg4i008m01s1037f1gqi	false	40616 era5 -- v4
probablefutures.40616-era5-west-v4	cmthffg4i008m01s1037f1gqi	true	40616 era5 -- v4
probablefutures.40616-hires-east-v4	cmta2gxfu00hm01sccbosar3m	false	40616 hi-res -- v4
probablefutures.40616-hires-east-v4	cmta2gxfu00hm01sccbosar3m	true	40616 hi-res -- v4
probablefutures.40616-hires-p02-east-v4	cmta2gxfu00hm01sccbosar3m	false	40616 hi-res -- v4
probablefutures.40616-hires-p02-east-v4	cmta2gxfu00hm01sccbosar3m	true	40616 hi-res -- v4
probablefutures.40616-hires-p02-west-v4	cmta2gxfu00hm01sccbosar3m	false	40616 hi-res -- v4
probablefutures.40616-hires-p02-west-v4	cmta2gxfu00hm01sccbosar3m	true	40616 hi-res -- v4
probablefutures.40616-hires-p08-east-v4	cmta2gxfu00hm01sccbosar3m	false	40616 hi-res -- v4
probablefutures.40616-hires-p08-east-v4	cmta2gxfu00hm01sccbosar3m	true	40616 hi-res -- v4
probablefutures.40616-hires-p08-west-v4	cmta2gxfu00hm01sccbosar3m	false	40616 hi-res -- v4
probablefutures.40616-hires-p08-west-v4	cmta2gxfu00hm01sccbosar3m	true	40616 hi-res -- v4
probablefutures.40616-hires-west-v4	cmta2gxfu00hm01sccbosar3m	false	40616 hi-res -- v4
probablefutures.40616-hires-west-v4	cmta2gxfu00hm01sccbosar3m	true	40616 hi-res -- v4
probablefutures.40616-v3abs-east-v4	cmtio9u2c00b501sgc1bx6sn7	false	40616 v3abs -- v4
probablefutures.40616-v3abs-east-v4	cmtio9u2c00b501sgc1bx6sn7	true	40616 v3abs -- v4
probablefutures.40616-v3abs-west-v4	cmtio9u2c00b501sgc1bx6sn7	false	40616 v3abs -- v4
probablefutures.40616-v3abs-west-v4	cmtio9u2c00b501sgc1bx6sn7	true	40616 v3abs -- v4
probablefutures.40616-west-v1	cl5aodqou005m14l92iv0mjnc	false	Change in wettest 90 days -- global RCM RegCM-REMO ensemble -- v1
probablefutures.40616-west-v1	cl5aodqou005m14l92iv0mjnc	true	Change in wettest 90 days -- global RCM RegCM-REMO ensemble -- v1
probablefutures.40616-west-v3	clhyj2rj6027601pr6h68953d	false	Change in wettest 90 days -- v3
probablefutures.40616-west-v3	clhyj2rj6027601pr6h68953d	true	Change in wettest 90 days -- v3
probablefutures.40701-diff-east-v4	cmt06ia7j000f01sg5dlafrsa	false	40701 diff -- v4
probablefutures.40701-diff-east-v4	cmt06ia7j000f01sg5dlafrsa	true	40701 diff -- v4
probablefutures.40701-diff-p02-east-v4	cmt06ia7j000f01sg5dlafrsa	false	40701 diff -- v4
probablefutures.40701-diff-p02-east-v4	cmt06ia7j000f01sg5dlafrsa	true	40701 diff -- v4
probablefutures.40701-diff-p02-west-v4	cmt06ia7j000f01sg5dlafrsa	false	40701 diff -- v4
probablefutures.40701-diff-p02-west-v4	cmt06ia7j000f01sg5dlafrsa	true	40701 diff -- v4
probablefutures.40701-diff-p08-east-v4	cmt06ia7j000f01sg5dlafrsa	false	40701 diff -- v4
probablefutures.40701-diff-p08-east-v4	cmt06ia7j000f01sg5dlafrsa	true	40701 diff -- v4
probablefutures.40701-diff-p08-west-v4	cmt06ia7j000f01sg5dlafrsa	false	40701 diff -- v4
probablefutures.40701-diff-p08-west-v4	cmt06ia7j000f01sg5dlafrsa	true	40701 diff -- v4
probablefutures.40701-diff-west-v4	cmt06ia7j000f01sg5dlafrsa	false	40701 diff -- v4
probablefutures.40701-diff-west-v4	cmt06ia7j000f01sg5dlafrsa	true	40701 diff -- v4
probablefutures.40701-east-v1	cl8a0g5rj005p14p5qywg0ugr	false	Likelihood of year-plus extreme drought -- global RCM RegCM-REMO ensemble -- v1
probablefutures.40701-east-v1	cl8a0g5rj005p14p5qywg0ugr	true	Likelihood of year-plus extreme drought -- global RCM RegCM-REMO ensemble -- v1
probablefutures.40701-east-v3	cli4ctifx02hx01r03gfygf6f	false	Likelihood of year-plus extreme drought -- v3
probablefutures.40701-east-v3	cli4ctifx02hx01r03gfygf6f	true	Likelihood of year-plus extreme drought -- v3
probablefutures.40701-hires-east-v4	cmsyji2xv007u01qy5wvb92c0	false	40701 hi-res -- v4
probablefutures.40701-hires-east-v4	cmsyji2xv007u01qy5wvb92c0	true	40701 hi-res -- v4
probablefutures.40701-hires-p02-east-v4	cmsyji2xv007u01qy5wvb92c0	false	40701 hi-res -- v4
probablefutures.40701-hires-p02-east-v4	cmsyji2xv007u01qy5wvb92c0	true	40701 hi-res -- v4
probablefutures.40701-hires-p02-west-v4	cmsyji2xv007u01qy5wvb92c0	false	40701 hi-res -- v4
probablefutures.40701-hires-p02-west-v4	cmsyji2xv007u01qy5wvb92c0	true	40701 hi-res -- v4
probablefutures.40701-hires-p08-east-v4	cmsyji2xv007u01qy5wvb92c0	false	40701 hi-res -- v4
probablefutures.40701-hires-p08-east-v4	cmsyji2xv007u01qy5wvb92c0	true	40701 hi-res -- v4
probablefutures.40701-hires-p08-west-v4	cmsyji2xv007u01qy5wvb92c0	false	40701 hi-res -- v4
probablefutures.40701-hires-p08-west-v4	cmsyji2xv007u01qy5wvb92c0	true	40701 hi-res -- v4
probablefutures.40701-hires-west-v4	cmsyji2xv007u01qy5wvb92c0	false	40701 hi-res -- v4
probablefutures.40701-hires-west-v4	cmsyji2xv007u01qy5wvb92c0	true	40701 hi-res -- v4
probablefutures.40701-west-v1	cl8a0g5rj005p14p5qywg0ugr	false	Likelihood of year-plus extreme drought -- global RCM RegCM-REMO ensemble -- v1
probablefutures.40701-west-v1	cl8a0g5rj005p14p5qywg0ugr	true	Likelihood of year-plus extreme drought -- global RCM RegCM-REMO ensemble -- v1
probablefutures.40701-west-v3	cli4ctifx02hx01r03gfygf6f	false	Likelihood of year-plus extreme drought -- v3
probablefutures.40701-west-v3	cli4ctifx02hx01r03gfygf6f	true	Likelihood of year-plus extreme drought -- v3
probablefutures.40702-diff-east-v4	cmszywa1300aj01sa7y2v8s50	false	40702 diff -- v4
probablefutures.40702-diff-east-v4	cmszywa1300aj01sa7y2v8s50	true	40702 diff -- v4
probablefutures.40702-diff-p02-east-v4	cmszywa1300aj01sa7y2v8s50	false	40702 diff -- v4
probablefutures.40702-diff-p02-east-v4	cmszywa1300aj01sa7y2v8s50	true	40702 diff -- v4
probablefutures.40702-diff-p02-west-v4	cmszywa1300aj01sa7y2v8s50	false	40702 diff -- v4
probablefutures.40702-diff-p02-west-v4	cmszywa1300aj01sa7y2v8s50	true	40702 diff -- v4
probablefutures.40702-diff-p08-east-v4	cmszywa1300aj01sa7y2v8s50	false	40702 diff -- v4
probablefutures.40702-diff-p08-east-v4	cmszywa1300aj01sa7y2v8s50	true	40702 diff -- v4
probablefutures.40702-diff-p08-west-v4	cmszywa1300aj01sa7y2v8s50	false	40702 diff -- v4
probablefutures.40702-diff-p08-west-v4	cmszywa1300aj01sa7y2v8s50	true	40702 diff -- v4
probablefutures.40702-diff-west-v4	cmszywa1300aj01sa7y2v8s50	false	40702 diff -- v4
probablefutures.40702-diff-west-v4	cmszywa1300aj01sa7y2v8s50	true	40702 diff -- v4
probablefutures.40702-east-v1	cl8a0lz5c000m14l7ym1k9el4	false	Likelihood of year-plus drought -- global RCM RegCM-REMO ensemble -- v1
probablefutures.40702-east-v1	cl8a0lz5c000m14l7ym1k9el4	true	Likelihood of year-plus drought -- global RCM RegCM-REMO ensemble -- v1
probablefutures.40702-east-v1	cl8abbl6u000515p991u8w8gz	false	Likelihood of year-plus drought (for comparison map -- Tour of drought page -- 3°C -- Sahel) -- global RCM RegCM-REMO ensemble -- v1 
probablefutures.40702-east-v1	cl8abbl6u000515p991u8w8gz	true	Likelihood of year-plus drought (for comparison map -- Tour of drought page -- 3°C -- Sahel) -- global RCM RegCM-REMO ensemble -- v1 
probablefutures.40702-east-v1	cl8abcc3700f014nt64d0e8r8	false	Likelihood of year-plus drought (for comparison map -- Tour of drought page -- 1°C -- Sahel) -- global RCM RegCM-REMO ensemble -- v1
probablefutures.40702-east-v1	cl8abcc3700f014nt64d0e8r8	true	Likelihood of year-plus drought (for comparison map -- Tour of drought page -- 1°C -- Sahel) -- global RCM RegCM-REMO ensemble -- v1
probablefutures.40702-east-v1	cl8abcq6l006d14p5bexzyd1e	false	Likelihood of year-plus drought (for comparison map -- Tour of drought page -- 1°C -- Northern China) -- global RCM RegCM-REMO ensemble -- v1
probablefutures.40702-east-v1	cl8abcq6l006d14p5bexzyd1e	true	Likelihood of year-plus drought (for comparison map -- Tour of drought page -- 1°C -- Northern China) -- global RCM RegCM-REMO ensemble -- v1
probablefutures.40702-east-v1	cl8abdqhl000z15s3vw8ri2qj	false	Likelihood of year-plus drought (for comparison map -- Tour of drought page -- 3°C -- Northern China) -- global RCM RegCM-REMO ensemble -- v1
probablefutures.40702-east-v1	cl8abdqhl000z15s3vw8ri2qj	true	Likelihood of year-plus drought (for comparison map -- Tour of drought page -- 3°C -- Northern China) -- global RCM RegCM-REMO ensemble -- v1
probablefutures.40702-east-v1	cl8abf4zf000s15tbodpkr02e	false	Likelihood of year-plus drought (for comparison map -- Tour of drought page -- 3°C -- Perth, Australia) -- global RCM RegCM-REMO ensemble -- v1 
probablefutures.40702-east-v1	cl8abf4zf000s15tbodpkr02e	true	Likelihood of year-plus drought (for comparison map -- Tour of drought page -- 3°C -- Perth, Australia) -- global RCM RegCM-REMO ensemble -- v1 
probablefutures.40702-east-v1	cl8abfkvu006e14p5167n3wwz	false	Likelihood of year-plus drought (for comparison map -- Tour of drought page -- 1°C -- Perth, Australia) -- global RCM RegCM-REMO ensemble -- v1
probablefutures.40702-east-v1	cl8abfkvu006e14p5167n3wwz	true	Likelihood of year-plus drought (for comparison map -- Tour of drought page -- 1°C -- Perth, Australia) -- global RCM RegCM-REMO ensemble -- v1
probablefutures.40702-east-v3	cli4cyaez00oo01pn4twydvb7	false	Likelihood of year-plus drought -- v3
probablefutures.40702-east-v3	cli4cyaez00oo01pn4twydvb7	true	Likelihood of year-plus drought -- v3
probablefutures.40702-east-v3	clk00cgal00rz01nsereoc136	false	Likelihood of year-plus drought -- v3-copy
probablefutures.40702-east-v3	clk00cgal00rz01nsereoc136	true	Likelihood of year-plus drought -- v3-copy
probablefutures.40702-hires-east-v4	cmsnhhytv012z01s81kx1gbcy	false	40702 hi-res -- v4
probablefutures.40702-hires-east-v4	cmsnhhytv012z01s81kx1gbcy	true	40702 hi-res -- v4
probablefutures.40702-hires-p02-east-v4	cmsnhhytv012z01s81kx1gbcy	false	40702 hi-res -- v4
probablefutures.40702-hires-p02-east-v4	cmsnhhytv012z01s81kx1gbcy	true	40702 hi-res -- v4
probablefutures.40702-hires-p02-west-v4	cmsnhhytv012z01s81kx1gbcy	false	40702 hi-res -- v4
probablefutures.40702-hires-p02-west-v4	cmsnhhytv012z01s81kx1gbcy	true	40702 hi-res -- v4
probablefutures.40702-hires-p08-east-v4	cmsnhhytv012z01s81kx1gbcy	false	40702 hi-res -- v4
probablefutures.40702-hires-p08-east-v4	cmsnhhytv012z01s81kx1gbcy	true	40702 hi-res -- v4
probablefutures.40702-hires-p08-west-v4	cmsnhhytv012z01s81kx1gbcy	false	40702 hi-res -- v4
probablefutures.40702-hires-p08-west-v4	cmsnhhytv012z01s81kx1gbcy	true	40702 hi-res -- v4
probablefutures.40702-hires-west-v4	cmsnhhytv012z01s81kx1gbcy	false	40702 hi-res -- v4
probablefutures.40702-hires-west-v4	cmsnhhytv012z01s81kx1gbcy	true	40702 hi-res -- v4
probablefutures.40702-west-v1	cl8a0lz5c000m14l7ym1k9el4	false	Likelihood of year-plus drought -- global RCM RegCM-REMO ensemble -- v1
probablefutures.40702-west-v1	cl8a0lz5c000m14l7ym1k9el4	true	Likelihood of year-plus drought -- global RCM RegCM-REMO ensemble -- v1
probablefutures.40702-west-v1	cl8abbl6u000515p991u8w8gz	false	Likelihood of year-plus drought (for comparison map -- Tour of drought page -- 3°C -- Sahel) -- global RCM RegCM-REMO ensemble -- v1 
probablefutures.40702-west-v1	cl8abbl6u000515p991u8w8gz	true	Likelihood of year-plus drought (for comparison map -- Tour of drought page -- 3°C -- Sahel) -- global RCM RegCM-REMO ensemble -- v1 
probablefutures.40702-west-v1	cl8abcc3700f014nt64d0e8r8	false	Likelihood of year-plus drought (for comparison map -- Tour of drought page -- 1°C -- Sahel) -- global RCM RegCM-REMO ensemble -- v1
probablefutures.40702-west-v1	cl8abcc3700f014nt64d0e8r8	true	Likelihood of year-plus drought (for comparison map -- Tour of drought page -- 1°C -- Sahel) -- global RCM RegCM-REMO ensemble -- v1
probablefutures.40702-west-v1	cl8abcq6l006d14p5bexzyd1e	false	Likelihood of year-plus drought (for comparison map -- Tour of drought page -- 1°C -- Northern China) -- global RCM RegCM-REMO ensemble -- v1
probablefutures.40702-west-v1	cl8abcq6l006d14p5bexzyd1e	true	Likelihood of year-plus drought (for comparison map -- Tour of drought page -- 1°C -- Northern China) -- global RCM RegCM-REMO ensemble -- v1
probablefutures.40702-west-v1	cl8abdqhl000z15s3vw8ri2qj	false	Likelihood of year-plus drought (for comparison map -- Tour of drought page -- 3°C -- Northern China) -- global RCM RegCM-REMO ensemble -- v1
probablefutures.40702-west-v1	cl8abdqhl000z15s3vw8ri2qj	true	Likelihood of year-plus drought (for comparison map -- Tour of drought page -- 3°C -- Northern China) -- global RCM RegCM-REMO ensemble -- v1
probablefutures.40702-west-v1	cl8abf4zf000s15tbodpkr02e	false	Likelihood of year-plus drought (for comparison map -- Tour of drought page -- 3°C -- Perth, Australia) -- global RCM RegCM-REMO ensemble -- v1 
probablefutures.40702-west-v1	cl8abf4zf000s15tbodpkr02e	true	Likelihood of year-plus drought (for comparison map -- Tour of drought page -- 3°C -- Perth, Australia) -- global RCM RegCM-REMO ensemble -- v1 
probablefutures.40702-west-v1	cl8abfkvu006e14p5167n3wwz	false	Likelihood of year-plus drought (for comparison map -- Tour of drought page -- 1°C -- Perth, Australia) -- global RCM RegCM-REMO ensemble -- v1
probablefutures.40702-west-v1	cl8abfkvu006e14p5167n3wwz	true	Likelihood of year-plus drought (for comparison map -- Tour of drought page -- 1°C -- Perth, Australia) -- global RCM RegCM-REMO ensemble -- v1
probablefutures.40702-west-v3	cli4cyaez00oo01pn4twydvb7	false	Likelihood of year-plus drought -- v3
probablefutures.40702-west-v3	cli4cyaez00oo01pn4twydvb7	true	Likelihood of year-plus drought -- v3
probablefutures.40702-west-v3	clk00cgal00rz01nsereoc136	false	Likelihood of year-plus drought -- v3-copy
probablefutures.40702-west-v3	clk00cgal00rz01nsereoc136	true	Likelihood of year-plus drought -- v3-copy
probablefutures.40703-diff-east-v4	cmt9xtrqx00gw01qzdyyqcony	false	40703 diff -- v4
probablefutures.40703-diff-east-v4	cmt9xtrqx00gw01qzdyyqcony	true	40703 diff -- v4
probablefutures.40703-diff-p02-east-v4	cmt9xtrqx00gw01qzdyyqcony	false	40703 diff -- v4
probablefutures.40703-diff-p02-east-v4	cmt9xtrqx00gw01qzdyyqcony	true	40703 diff -- v4
probablefutures.40703-diff-p02-west-v4	cmt9xtrqx00gw01qzdyyqcony	false	40703 diff -- v4
probablefutures.40703-diff-p02-west-v4	cmt9xtrqx00gw01qzdyyqcony	true	40703 diff -- v4
probablefutures.40703-diff-p08-east-v4	cmt9xtrqx00gw01qzdyyqcony	false	40703 diff -- v4
probablefutures.40703-diff-p08-east-v4	cmt9xtrqx00gw01qzdyyqcony	true	40703 diff -- v4
probablefutures.40703-diff-p08-west-v4	cmt9xtrqx00gw01qzdyyqcony	false	40703 diff -- v4
probablefutures.40703-diff-p08-west-v4	cmt9xtrqx00gw01qzdyyqcony	true	40703 diff -- v4
probablefutures.40703-diff-west-v4	cmt9xtrqx00gw01qzdyyqcony	false	40703 diff -- v4
probablefutures.40703-diff-west-v4	cmt9xtrqx00gw01qzdyyqcony	true	40703 diff -- v4
probablefutures.40703-east-v1	cl82t4a5z002s14ochl1tq75f	false	Water balance -- global RCM RegCM-REMO ensemble -- v1
probablefutures.40703-east-v1	cl82t4a5z002s14ochl1tq75f	true	Water balance -- global RCM RegCM-REMO ensemble -- v1
probablefutures.40703-east-v3	cli07tazp02d901pn5jjj5tvn	false	Water balance -- v3
probablefutures.40703-east-v3	cli07tazp02d901pn5jjj5tvn	true	Water balance -- v3
probablefutures.40703-hires-east-v4	cmta3o9u3003201qq8ndbdz8a	false	40703 hi-res -- v4
probablefutures.40703-hires-east-v4	cmta3o9u3003201qq8ndbdz8a	true	40703 hi-res -- v4
probablefutures.40703-hires-p02-east-v4	cmta3o9u3003201qq8ndbdz8a	false	40703 hi-res -- v4
probablefutures.40703-hires-p02-east-v4	cmta3o9u3003201qq8ndbdz8a	true	40703 hi-res -- v4
probablefutures.40703-hires-p02-west-v4	cmta3o9u3003201qq8ndbdz8a	false	40703 hi-res -- v4
probablefutures.40703-hires-p02-west-v4	cmta3o9u3003201qq8ndbdz8a	true	40703 hi-res -- v4
probablefutures.40703-hires-p08-east-v4	cmta3o9u3003201qq8ndbdz8a	false	40703 hi-res -- v4
probablefutures.40703-hires-p08-east-v4	cmta3o9u3003201qq8ndbdz8a	true	40703 hi-res -- v4
probablefutures.40703-hires-p08-west-v4	cmta3o9u3003201qq8ndbdz8a	false	40703 hi-res -- v4
probablefutures.40703-hires-p08-west-v4	cmta3o9u3003201qq8ndbdz8a	true	40703 hi-res -- v4
probablefutures.40703-hires-west-v4	cmta3o9u3003201qq8ndbdz8a	false	40703 hi-res -- v4
probablefutures.40703-hires-west-v4	cmta3o9u3003201qq8ndbdz8a	true	40703 hi-res -- v4
probablefutures.40703-west-v1	cl82t4a5z002s14ochl1tq75f	false	Water balance -- global RCM RegCM-REMO ensemble -- v1
probablefutures.40703-west-v1	cl82t4a5z002s14ochl1tq75f	true	Water balance -- global RCM RegCM-REMO ensemble -- v1
probablefutures.40703-west-v3	cli07tazp02d901pn5jjj5tvn	false	Water balance -- v3
probablefutures.40703-west-v3	cli07tazp02d901pn5jjj5tvn	true	Water balance -- v3
probablefutures.40704-east-v1	cl8a0rh65006414qloma90grc	false	Change in wildfire danger days -- global RCM RegCM-REMO ensemble -- v1
probablefutures.40704-east-v1	cl8a0rh65006414qloma90grc	true	Change in wildfire danger days -- global RCM RegCM-REMO ensemble -- v1
probablefutures.40704-east-v3	cli07z7bu02fm01pg4vqk9ukg	false	Change in wildfire danger days -- v3
probablefutures.40704-east-v3	cli07z7bu02fm01pg4vqk9ukg	true	Change in wildfire danger days -- v3
probablefutures.40704-east-v3-m-m	cmhjhmvqn000101rcfwen1bjh	false	Change in wildfire danger days -- v3-m-m
probablefutures.40704-east-v3-m-m	cmhjhmvqn000101rcfwen1bjh	true	Change in wildfire danger days -- v3-m-m
probablefutures.40704-west-v1	cl8a0rh65006414qloma90grc	false	Change in wildfire danger days -- global RCM RegCM-REMO ensemble -- v1
probablefutures.40704-west-v1	cl8a0rh65006414qloma90grc	true	Change in wildfire danger days -- global RCM RegCM-REMO ensemble -- v1
probablefutures.40704-west-v3	cli07z7bu02fm01pg4vqk9ukg	false	Change in wildfire danger days -- v3
probablefutures.40704-west-v3	cli07z7bu02fm01pg4vqk9ukg	true	Change in wildfire danger days -- v3
probablefutures.40704-west-v3-m-m	cmhjhmvqn000101rcfwen1bjh	false	Change in wildfire danger days -- v3-m-m
probablefutures.40704-west-v3-m-m	cmhjhmvqn000101rcfwen1bjh	true	Change in wildfire danger days -- v3-m-m
probablefutures.40901-east-v1	cl82u2msx003a15lkolpjs18p	false	Climate zones -- global RCM RegCM-REMO ensemble -- v1
probablefutures.40901-east-v1	cl82u2msx003a15lkolpjs18p	true	Climate zones -- global RCM RegCM-REMO ensemble -- v1
probablefutures.40901-east-v3	clnbsx0xv03lv01pb5b2kbjau	false	Climate zones -- v3
probablefutures.40901-east-v3	clnbsx0xv03lv01pb5b2kbjau	true	Climate zones -- v3
probablefutures.40901-west-v1	cl82u2msx003a15lkolpjs18p	false	Climate zones -- global RCM RegCM-REMO ensemble -- v1
probablefutures.40901-west-v1	cl82u2msx003a15lkolpjs18p	true	Climate zones -- global RCM RegCM-REMO ensemble -- v1
probablefutures.40901-west-v3	clnbsx0xv03lv01pb5b2kbjau	false	Climate zones -- v3
probablefutures.40901-west-v3	clnbsx0xv03lv01pb5b2kbjau	true	Climate zones -- v3
probablefutures.57m7sc4k	clguxgc01001c01pfe4hm2i78	true	Average Temperature -- v2-copy-copy
probablefutures.57m7sc4k	clk00bkc200re01nm7s2o1dqt	true	Change in total annual precipitation -- v3-copy
probablefutures.57m7sc4k	clk00cgal00rz01nsereoc136	true	Likelihood of year-plus drought -- v3-copy
probablefutures.57m7sc4k	clk00czhr00sz01qvcdo0cfws	true	Change in snowy days -- v3-copy
probablefutures.6q0xb2to	clguxgc01001c01pfe4hm2i78	true	Average Temperature -- v2-copy-copy
probablefutures.6q0xb2to	clk00bkc200re01nm7s2o1dqt	true	Change in total annual precipitation -- v3-copy
probablefutures.6q0xb2to	clk00cgal00rz01nsereoc136	true	Likelihood of year-plus drought -- v3-copy
probablefutures.6q0xb2to	clk00czhr00sz01qvcdo0cfws	true	Change in snowy days -- v3-copy
probablefutures.6vl3fhxx	cki5ur8g0503s19qqxfuvcjtk	false	GCM: Number of Days above 32°C (90°F) -- For About Maps comparison map (Behind the maps page)
probablefutures.6vl3fhxx	cki5ur8g0503s19qqxfuvcjtk	true	GCM: Number of Days above 32°C (90°F) -- For About Maps comparison map (Behind the maps page)
probablefutures.8m2yrnyk	clguxgc01001c01pfe4hm2i78	true	Average Temperature -- v2-copy-copy
probablefutures.8m2yrnyk	clk00bkc200re01nm7s2o1dqt	true	Change in total annual precipitation -- v3-copy
probablefutures.8m2yrnyk	clk00cgal00rz01nsereoc136	true	Likelihood of year-plus drought -- v3-copy
probablefutures.8m2yrnyk	clk00czhr00sz01qvcdo0cfws	true	Change in snowy days -- v3-copy
probablefutures.8nvbxwda	clguxgc01001c01pfe4hm2i78	true	Average Temperature -- v2-copy-copy
probablefutures.8nvbxwda	clk00bkc200re01nm7s2o1dqt	true	Change in total annual precipitation -- v3-copy
probablefutures.8nvbxwda	clk00cgal00rz01nsereoc136	true	Likelihood of year-plus drought -- v3-copy
probablefutures.8nvbxwda	clk00czhr00sz01qvcdo0cfws	true	Change in snowy days -- v3-copy
probablefutures.bgf79xg2	clguxgc01001c01pfe4hm2i78	true	Average Temperature -- v2-copy-copy
probablefutures.bgf79xg2	clk00bkc200re01nm7s2o1dqt	true	Change in total annual precipitation -- v3-copy
probablefutures.bgf79xg2	clk00cgal00rz01nsereoc136	true	Likelihood of year-plus drought -- v3-copy
probablefutures.bgf79xg2	clk00czhr00sz01qvcdo0cfws	true	Change in snowy days -- v3-copy
probablefutures.cri4a14s	clguxgc01001c01pfe4hm2i78	true	Average Temperature -- v2-copy-copy
probablefutures.cri4a14s	clk00cgal00rz01nsereoc136	true	Likelihood of year-plus drought -- v3-copy
probablefutures.cri4a14s	clk00czhr00sz01qvcdo0cfws	true	Change in snowy days -- v3-copy
probablefutures.dgp19rdi	clh6f6fzf009j01qjg5zw8pcm	false	Globe option: Zero-bin gray space, globe illos gray low atmos -- Average Temperature -- v2-copy-copy
probablefutures.dgp19rdi	clh6f6fzf009j01qjg5zw8pcm	true	Globe option: Zero-bin gray space, globe illos gray low atmos -- Average Temperature -- v2-copy-copy
